f0_mean_hz,f0_std_hz,f0_min_hz,f0_max_hz,f0_cv,f1_mean_hz,f1_std_hz,f2_mean_hz,f2_std_hz,f3_mean_hz,f3_std_hz,f4_mean_hz,f4_std_hz,hnr_mean_db,jitter_local,jitter_rap,jitter_ppq5,shimmer_local,shimmer_apq3,shimmer_apq5,shimmer_apq11,mfcc1_mean,mfcc1_std,dmfcc1_mean,dmfcc1_std,mfcc2_mean,mfcc2_std,dmfcc2_mean,dmfcc2_std,mfcc3_mean,mfcc3_std,dmfcc3_mean,dmfcc3_std,mfcc4_mean,mfcc4_std,dmfcc4_mean,dmfcc4_std,mfcc5_mean,mfcc5_std,dmfcc5_mean,dmfcc5_std,mfcc6_mean,mfcc6_std,dmfcc6_mean,dmfcc6_std,mfcc7_mean,mfcc7_std,dmfcc7_mean,dmfcc7_std,mfcc8_mean,mfcc8_std,dmfcc8_mean,dmfcc8_std,mfcc9_mean,mfcc9_std,dmfcc9_mean,dmfcc9_std,mfcc10_mean,mfcc10_std,dmfcc10_mean,dmfcc10_std,mfcc11_mean,mfcc11_std,dmfcc11_mean,dmfcc11_std,mfcc12_mean,mfcc12_std,dmfcc12_mean,dmfcc12_std,mfcc13_mean,mfcc13_std,dmfcc13_mean,dmfcc13_std,spec_centroid_mean_hz,spec_centroid_std_hz,spec_rolloff_mean_hz,spec_rolloff_std_hz,spec_flux_mean,spec_flux_std,spec_energy_low_mean,spec_energy_mid_mean,spec_energy_high_mean,shannon_s1_amp,shannon_s1_f0,tsallis_sq_amp,tsallis_sq_f0,status,subject_id
-0.6868500290811443,-0.29112645556051114,-0.4880692139031423,-0.6679495171708113,-0.28399740743213814,0.2020889197845574,-0.7458416369792459,1.0371462317376021,-0.511244113750677,-0.45556104115923646,-0.5170997262874254,-0.31616311326242597,-1.0988897101162356,0.2839441074466991,-0.23442905367771233,-0.26516697412123236,-0.26004351304462403,-0.508481936565693,-0.47510051702327183,-0.5621155851333995,-0.5113020428211583,0.5524917830994055,-0.8490800066235652,-0.040524009019010994,-1.1028208427450081,0.5052047343323975,-0.6404887109022095,-0.07936176403596107,-0.7760346555016568,-0.5794105254030436,-0.7275284977301582,-0.23826422167857295,-0.7692088588435536,-0.3924427986415987,-0.9911760643500533,-0.24279406613786186,-0.9485413466637349,-0.3336046355605445,-0.74007099377943,0.06701913550865468,-1.1700588526561269,-0.2840542006424589,-0.8289520920266682,0.7993046395369888,-1.1732252046814338,-0.4426348659985535,-0.8268961660655936,-0.39297048258784784,-0.8963923477997983,-0.9888628428444234,-1.004222822320406,-0.7260424154590156,-1.2384661240107167,-0.12070832125442285,-1.0337947371035083,0.39577469548539473,-1.0929766352959576,-0.45691408999221944,-0.6029955972043486,0.0,-1.2113175527370212,0.5501039433928095,-0.9936483686300083,-0.443208884574716,-1.0937527744631983,1.1180439331266898,-0.3420873085884149,0.4338880910054599,-1.1405637626129552,-0.6595562216970103,-1.4303438066442375,-0.25213969411329257,-1.4547173252040495,0.18450255504175592,-0.7465928768432204,-0.17470719717767955,-0.40989046663055695,-0.5359726101533642,-0.665084741530395,-0.4097262257187357,0.6286094356882824,0.0,0.05687645678147575,0.09105726583615374,0.14952126623888515,0.15881966038832895,0,064F
-0.9627206844397886,-0.1855790710041549,-0.7995724949320285,-0.9168279018333488,0.03928803079283814,-0.17171529612338662,-0.16875139642816864,-0.14822758523589338,0.46254896208861446,-0.007535339840725922,0.11260841892345598,-0.6036818558072717,-0.10052475867023784,-0.06163016250130402,0.4390067837610062,0.3083145198982262,0.5520088145194776,0.8201752025835953,0.842584783228683,0.9281356075909786,1.0729434996890719,-0.23142494818749595,0.12461811910604233,1.2611423517002927,0.8505562115874328,0.5041117536285812,-0.0751651065264444,2.1440132420292977,0.3268382228294317,0.23475990222577622,0.2747265042378456,0.567826006539124,0.6694938226647297,-0.287907636173353,0.6856140381073286,1.1850858972735925,0.8931860359976256,0.5863485023561757,1.6960299311100218,0.8625548024315286,1.249855393537118,-0.49350876600859006,0.3861987570055014,0.05040635303402416,0.9340961200560353,-0.8074961516518001,1.0578773674657609,0.2621949104523286,0.28230047432009053,0.49660149804022974,0.5560355417738974,0.6099777682596645,0.401318824022711,-0.33507295459955033,0.34010280215729827,-0.15835698375760926,0.4368638915106141,-0.44312839074481586,-0.36664218973821855,-0.2645761892114197,-0.2839012955099666,0.46766774194909644,-0.2956239866783601,0.9916276930665261,0.14014481986447672,-0.2534999061776441,-0.07252040652322872,-0.4023658598527804,0.35770255000168266,0.016410699974277767,-0.00019939577362488884,-0.39007710272692975,-0.21872005841435865,-0.5394977731624095,0.23395744107032732,-0.44256395401623033,-0.1332767269532653,0.3424337464243087,0.2455135186717103,-5.4262897531721765e-05,-0.4004090199362279,-0.3200742855585365,-0.16896863166938256,0.4505656488824765,-0.28153067060000153,0.4769546562459054,0,114S
0.6982759093416101,-0.34084472724030007,0.925507804004051,0.6111349592733728,-0.5940273262840933,-1.3791743251444013,-0.1980003098646466,-0.7912839855209282,-0.8793873134555864,-0.34988993318020023,-0.44741065612624575,-0.3005301715680141,0.06995363969481261,0.4116817652375771,-0.08336590150309699,0.0087189135115371,-0.04327768650348833,-0.38821743479156867,-0.35943224885965375,-0.363255680666993,-0.2832965756463343,0.2808581428156824,-0.5454159436074223,0.282678243792552,-0.5904925470675507,0.3735828334002336,-0.5724255596102765,-0.6128031300958624,-0.5828315343610959,0.16178454060637584,0.09697836193935057,0.061459741626657606,-0.1956218771690175,-0.015837922337704834,0.05615786510455797,0.9602408538842779,0.40090725478701933,0.5178524842660795,-0.3351183791298603,-1.2556259065824151,-0.10116240510055848,0.4097286559255364,-0.8323088713759231,-0.5597993447702383,-0.6560393470574002,0.294519714024993,-0.15776770641419324,0.47185858213099974,-0.2427892879207677,0.6744599120355557,-0.7405363837986411,0.20651872092271445,-0.7876950803459689,0.0330644537146552,0.4618781131727118,0.6966358544280061,0.13934731442622342,0.2484271460751666,0.08924662610260466,-0.9431953044444304,-0.39665469514079,0.3382500673795282,-0.36067552777830963,0.045598218072650604,-0.08540700386081916,-0.9705678068019334,0.197396421801327,0.9509914476121635,-0.2825867988954587,-0.3606815482971486,-0.6929292816819935,-0.7256091201974045,-0.4031563565111986,-0.6983724562514376,-0.23510985248445057,-0.5530457690406505,-0.17937816568022205,-0.8828760171080806,-1.0294574317409306,2.805610942494099,0.1541147090937534,-0.221185536923877,-0.5112153060449847,-0.9748794072905393,-0.43862738758710457,-0.8558511401359483,0,121A
-1.0526226210347736,-0.3978058718555576,-0.8578151068164592,-0.9817459536435897,-0.33821012265618133,-0.4019956055461069,1.5224999875362983,0.10432847730484555,1.7576650141460435,1.1086757204545934,1.2140468585384787,0.7701869058389625,0.6261707131553788,-0.7710274104695065,-0.3798662866997137,-0.34754762489915925,-0.33598597715429196,-0.1673836730743103,-0.1352531288783917,-0.13885935265373553,-0.13523770793020595,0.7151855325741278,-0.5409763469330215,0.5575036748615647,-0.8198049980001407,0.8767633019785325,-0.6587649544132615,-0.1183268022827759,-0.7701120234268475,-0.15435045251365057,-0.4957382738959343,-0.24679270421803337,-0.5087467552110597,0.7515280451734384,-0.5773551119847508,0.5835775348454584,-0.8425368952694211,0.05652902104625293,-0.5662522703770386,-0.7752529427968106,-0.7178300497061327,-0.5033360900262056,-0.8299566373756523,0.3007091962103873,-0.8080919481026032,0.2138678270845489,-0.6995216688241767,0.3154950789761866,-1.0198906808959496,0.15032771230658026,-0.6522126220519533,-0.2285087141540542,-0.8133575817627812,-0.056280488413998596,-0.4639647041126958,1.0055606163712834,-0.8874451724691309,0.040481122147410606,-1.090034790671625,-0.6016614589598586,-1.0972202510333133,1.297452164408344,-0.5555573910571746,-0.9302947771590597,-0.9034615797595326,0.47490435557937183,-0.7163237678832285,0.5206409778082822,-0.8905756638023653,-0.8992527940659609,-1.092842030845773,-0.17787711494738462,-1.2645190407394247,-0.36537366732369014,-0.9795594590778105,-0.30867520683905614,-0.34531786038194456,-0.5189890271556953,-0.8387903661160093,0.998432700135999,0.32523793383861127,0.6249987607079367,-0.3417010193682541,-0.9748794072905393,-0.39677126311302224,-0.8558511401359483,0,123G
-0.9510178083148795,-0.3806901324704022,-0.7419809300039243,-0.9325631905628956,-0.348920909885375,0.43096784270794164,-0.24786767939126159,0.77970572628905,0.15846273552148307,-0.4502589483182725,0.4853172365963784,0.48792270777785895,-0.13846159198227956,-0.00854243740670897,-0.19150045362795634,-0.32969577779894726,-0.15676162231669025,0.188572220009387,0.2295109710958166,0.22929000498515686,0.21261151709889595,-0.24697013381742333,-0.20588390210570162,-0.9846520269397163,-0.3889549804487525,-0.2662373334737665,-0.236169083317939,-0.40521016227447465,-0.3937401586558113,-0.3589609737589478,-0.0679103359942884,0.5799570541396977,-0.026469667919090674,-0.04914825168470273,-0.43184094083908037,-0.4593957382214072,-0.17380094354849165,-0.7127529196307953,-0.15904753160657628,-0.4046252193994903,0.5414170767369401,-0.23293194852111088,-0.37213656245117005,-0.5063024045701525,0.3775079774936619,0.6740068473512002,-0.6628849415454937,-0.1974799118965484,-0.44430239910127134,-0.6148234427879399,-0.4348052882726287,0.11782646461029085,-0.39596655386896684,-0.6853692512895291,-0.15296912743688215,-0.10396068577309953,0.6157896567265969,0.03385799400924916,-0.3758867137316166,0.17187105220796192,0.18339828421251392,0.6668900816200404,-0.12412011280737227,-0.57668585712796,0.5908373463978933,0.4680714790053947,0.0,0.15098052968703793,0.5854210563224095,0.2818936610483363,0.07099455774493793,0.29111050443362585,0.39277759067017914,0.6009952259034361,0.3582008750182695,0.22267742907088486,0.607296796368625,0.27834038111495735,-0.20759651777825164,-0.49594810552728064,-0.45063534668221444,0.19584185345963503,-0.14402031019538758,-0.2839803064161776,-0.1702069021934865,-0.24239053935304003,0,195B
-0.9080539691944731,-0.40238458417149636,-0.709299507013942,-0.9019565153559203,-0.44039683131034596,0.00870114883812943,-0.34864570317910465,0.0027637679451740327,-0.41764545807083225,-0.9657857926497335,-0.726627492857842,-0.28316514892386674,-1.2004572624797774,0.2954250970488479,-0.29934611144925694,-0.2989523131897091,-0.20910341805407442,-0.3979345393636113,-0.47055682867784326,-0.5333581090418427,-0.4114778105231729,0.20777186842215276,-0.6739700414785422,-0.6211022918600476,-0.579808838856106,0.992388901866912,-0.5020281646026038,-1.2019988960529064,-0.3839566397796811,-0.6373113418381365,-0.9033412909681895,-0.21807575286145486,-0.646496586011051,0.08006873906129279,-0.4431828608015488,0.30814424790895645,-0.541412822466239,-0.20877785313271618,-0.3886653349697099,-0.008352516010684746,-0.44803559616506045,-0.44927243721575943,-1.263262180136003,-0.5375542260511769,-1.2637870139561174,0.7394328105600166,-0.4952619190804344,0.18482431529988855,-0.7714297962089273,-0.08922220135864295,-0.6442673842393731,-0.6682923339245728,-0.35434790087385815,-0.5944416159513932,-0.6233748739069892,-0.49614834730902146,-0.7684639668928803,-0.25603913531344696,-0.6062885950936163,0.7743237099773442,-1.1585358390010292,0.1499767229150702,-0.5987186704711939,-1.0013495085911908,-0.7209825898047231,0.3384139650719348,-0.7207354326940527,-1.159573763581629,-0.3537069112577617,-0.21546045311226059,-0.971712523000432,-0.5952548173677277,-1.0994034829442718,0.08345378113326525,-1.077823584965899,-0.24282105269225848,-0.4124773249006014,-0.5176209416595811,-0.6453607611079616,-0.047647802198622344,-0.11700522165380463,0.05260314664456227,-1.5831245049510023,-0.9748794072905393,-1.3505027054546672,-0.8558511401359483,0,197T
-1.0224481779452692,1.5458780885025631,-0.8780590326463537,-0.6229324583375043,3.6275518469311465,0.0024597780716667395,-0.7673187032863956,0.5259898432794063,-0.7042696410003847,-0.2125980873331747,0.20256408685583963,-0.35250220338711374,-0.7909623842421076,-0.9342258451612361,1.8312878550055711,1.4382108238261213,1.310240590247457,1.4202081836346498,0.9145728461687024,1.1653366516257069,1.389737751496005,0.20156447165173833,-0.23666631502479554,0.6549987462647903,0.29328159373876816,0.11802089009391534,-0.20186538385444755,0.2200143721612095,-0.005295209028326662,-0.5249951893689984,0.35368881083206555,-1.226446911984737,1.2963674027725756,-0.5176867532368742,-0.12420918827132044,-0.4138024960330533,0.9264325275503065,-0.9616352068411139,0.0,1.059084910263591,0.2475032700118313,-1.6887232052590642,-0.030166973188668404,1.8487288956901062,-0.3642639724246852,-0.7883964398733535,-0.0882751338029651,-0.5261970049914205,-0.07258364633607647,-0.924519939260436,-0.48894405383513356,-0.5723685483978563,-0.16703125478349876,-0.9855972393264681,-0.4063758301616986,0.8605915226567928,-0.3406055343491723,-1.3583436850649007,-0.5064982379216185,0.22244897965546948,-0.5048415643953496,-0.5577054002847471,-0.45889521016447304,-0.3824056780348272,-0.4091626536021067,0.4139698405050845,-0.5081289160789624,-0.4746298964494421,-0.3520588041680933,0.24595003318872247,-0.413408944040948,-0.7820310499575358,-0.7648773371137932,0.06643090173178386,0.4498615210229826,-0.27403721301576467,0.40884864042556657,1.305478679350323,1.389328231176587,-0.4314549306016383,0.7394201340749645,0.14085482060896526,0.274059355616711,0.22095831859952642,0.11190266409804953,0.30438070933957234,0,222K
0.07844750985098688,-0.23527265052094612,0.2820925041838149,0.03615601157778163,-0.40806529157516674,0.8585750983771233,-0.5008975107288167,1.7895210081760775,-1.0528089994835632,0.5418544078471681,-0.5676292268411297,0.2567190576085457,-0.08268325894007898,0.2417799549305326,-0.7226660562576137,-0.6939792307450642,-0.761736007118859,-0.4581227775823719,-0.5135964613820311,-0.525747067170542,-0.37428262003551516,-0.13829025005289058,-0.1385779214492305,0.9709264881927185,-0.2158397438060306,-1.137775291483788,0.4283921416486571,0.1155636191168558,0.0,-1.485399914933896,-0.24383445667570186,-0.5650193359422689,0.018622334953409186,0.0,0.9617817168763562,0.757149095328044,0.8470120562763717,0.5003126748565828,1.0375353926404374,-0.7022707057535953,0.9605826003436211,0.8532122329502098,-0.1004508079924474,0.07407548781399238,-0.16267019179473902,0.22467354228582057,0.5420813308193424,0.37132656182349033,0.29196806529132646,-1.77475550040173,1.0900830796620633,-0.694907553432354,0.3044280588910517,-0.032808273815452774,-0.26981654081756373,0.39530262157014673,-0.40452823274551164,0.9438843292549902,-0.1923967353994389,-0.3121309569408375,-0.5211854531219628,0.19982181324966022,0.2442360104734865,-0.6108277289206882,-0.061580544397528206,0.5231356781881868,-0.20750492530063558,-0.18452574744245887,-0.6362913722939989,-0.21424783722675472,-0.3868908312429255,-0.566200164489133,-0.5715355161534703,2.077424388672863,3.2986609142323244,2.0430282880600426,2.1892944753996284,-0.4547194211639904,-0.4602154732952675,-0.5815573792330697,-0.27100572878994666,3.345338489790152,0.6861025244690782,-0.3343288939407189,0.6310367658897895,-0.2937603162607001,0,264Z
-0.08942600960973464,1.7570263852032708,-0.05461193100580563,0.08244026485369373,2.0961564631315808,-0.6210958005482482,1.7631723766469904,-0.20762553495772493,-0.025476132625497368,0.1704934186667192,1.1459728500523687,0.6813596220743853,0.8930083813331808,-2.8322918008365643,17.613117601130277,19.04422775562438,14.693087773330952,1.8829908725702271,2.405040019236878,1.0582607324682953,1.004192262799979,-1.0806808592957493,1.2581874873999448,-1.2467646763545495,2.120994633799289,-0.22017234248406028,1.090430828440038,-0.15500011858937363,1.2673311198673978,0.8160105920093446,0.8549247466575346,1.8447136992586726,1.362971145165349,-0.5710793205088519,0.4253423051419524,0.6999996339814947,0.9416387410923198,-0.09009984970561803,-0.13876932676248183,0.16015272939043612,-0.0282011520888808,0.4837177473974417,0.4046079820006204,-0.2831633409009153,0.011202579316944575,0.7377310906457033,0.06726829111877904,0.3546233394999503,0.5673146300383768,1.495904823365884,0.27198377119256384,0.16403349695300282,0.08982816951495093,0.0,-0.15653625526727022,-0.5898895145849355,0.6007336162992711,-0.1731639318514802,-0.23529706731263306,0.877552253572495,-0.3759274568519822,0.2221363188254379,-0.23439455571515116,0.7179912663513273,0.36505333036543386,-0.10007768106225653,-0.30141586690106875,0.26575778519384985,-0.1054541874058618,0.9934856387880437,1.441843569256091,1.87664803807915,0.8006982161731782,-0.5481538747826799,0.012260539166795151,-0.6005431213426061,-0.2774641267322104,1.112698578247572,1.1421499698056126,-0.13024048309132027,-0.6197556077763005,-0.42734648109018414,-0.08499208863592904,1.3711195133817513,-0.1356102389274416,1.1791917023401817,0,292J
-0.9690895496359064,2.0024816803236862,-0.878228105771678,-0.6327387076810586,4.36613818926186,0.18622495606362252,-0.627395626503708,-0.8726151168239339,-0.35283222925277646,-1.3450515280632331,-0.8270140039447726,-0.048954948626721825,-1.2223572278241939,-1.0674443652177292,10.845908548332158,10.80631682684221,14.206459591512738,0.11746856526993395,0.22164867463974677,-0.040619350491554095,-0.0014768596829558387,-0.4629898584721037,-0.3380846356267892,0.3692231301776482,-0.3340899351232378,0.735715002196685,-0.22486658724257347,-0.3912080948406899,-0.28388199207007037,0.4786104388144402,-0.6796210193520114,-0.4716531372323091,-0.3942472810847916,-0.5023546944501761,-0.4443356650697962,0.5844946102751961,-0.28857136300867803,-1.3249885692001082,-0.35895968174146997,0.03852875324237777,-0.21590916010141037,-1.9176924430892013,-0.08362534875672292,0.567555966655414,-0.5932311198666186,-0.2164522338932721,-0.27704275375605,0.2893424061634633,-0.01869213286320884,1.0759100144292022,-0.4612382523216517,-0.22642297618154067,-0.5901290242297021,-0.5110178555757707,-0.2818753806567724,0.5764112463080018,0.25798051802695504,-1.2005392482446082,-0.5554741709289326,-0.17364185206500948,-0.42914490602881755,0.09630387657422616,-0.13617639991619868,-0.1362975593285739,0.10200575166596233,-0.46838818634842333,-0.3289705969925858,0.4312387917270386,-0.24090984593862932,-0.10402670885441456,-0.3007873195111189,-0.40832045745276446,-0.0869939558170846,-0.515408934732673,-1.1674322760928806,-0.9168576892535923,-0.5303262524597454,-0.3784132201544182,-0.36483548856377285,-0.3654850693315967,0.5776157727976127,-0.3258739846245418,-0.7139416077346004,0.8514643705193858,-0.7336280239621868,0.7167646384544281,0,322A
0.0490734840452499,-0.2687757501094725,0.23318327153341664,0.0016670955987023025,-0.44140997188799524,1.20420705510418,-0.6924785846817405,1.700381575819694,0.2083236443659985,0.2849804505451623,-0.39295782877768676,-0.8480848292241804,1.3554145007684717,0.19878002339479692,-0.17982374036678342,-0.07433671839506642,-0.16524529461567852,-0.4232916337450408,-0.364452547543541,-0.49417027238677513,-0.5116451851578655,0.8678909558684751,-0.8481265035285142,-0.326177778208185,-1.0745671940958563,0.7063450449156025,-0.5428632618120838,0.8893359954018726,-0.8011398574554396,-1.5210409252972932,-0.9876786942049391,0.22070378403367769,-0.8690890279173422,-0.03090128835399615,-0.9362805237618308,-0.6531173019318383,-0.9676294386029268,0.9693985610943653,-0.4749046731193564,0.6313273755587456,-1.0140326733393505,0.21691997560251636,-1.2796728810284543,-0.30335261650977696,-1.2675925912108468,-0.007176648657231029,-0.8478230254365398,0.3129863649244242,-1.122531994300413,-0.3886211680642785,-0.9303217197748015,0.46699896225185433,-1.3940884775723315,0.29360758631777517,-0.9632827811901085,-0.8239728115998376,-1.0639005437552809,1.009815988579475,-1.310626442424315,0.6790188105729138,-1.0943036520726404,0.0,-1.0226726733342968,-0.6899175666370227,-1.107902162047547,-1.0565999468582807,-0.9226010904694965,-1.0369217852002262,-1.1409566934896098,-0.20699898813212964,-1.3412192330633528,0.5695898099624797,-1.4397476759580357,0.8239305493804769,-1.0596126890999376,0.5574360459837696,-0.3689522743682745,-0.4392188761313947,-0.5827595289727893,-0.15021522987466898,0.5995909800637721,0.7014650084060764,-1.4807327758889344,-0.9748794072905393,-1.2520773127566907,-0.8558511401359483,0,325A
0.0,0.0,0.20222429844227818,-0.003999834336460369,-0.111190734961919,-1.2077551021879371,-0.09190619960579732,-0.4153677595019699,-0.05349887005351317,0.401380912459723,-0.7246862852193222,-2.311415867893574,-0.5992371505402453,0.15844523640673058,0.2403659109485682,0.2808147392062647,0.3865429203142497,-0.3121599907021188,-0.2629022669375182,-0.29553524502389283,-0.3441396473099729,0.6076739518564545,-0.7401187073758977,0.04422119106890271,-0.8807291923014271,1.1299356343208455,-0.41180932906248113,-0.24132204576317273,-0.4788992872186904,-0.7210348803308629,-0.48811222355810113,0.8604542128840127,-0.7938551041313707,0.6695774095387629,-0.5250017716502741,0.579958526907159,-0.3606620094190195,1.6509547796937631,0.1438466130186125,-1.6891706329788,-0.3898153913504076,0.374635628577118,-0.1956591164435381,0.6763625046560345,-0.009487317189140795,-0.7886588831015006,-0.49855548122404675,-0.15725546777453875,-0.37412380463986866,-0.1521492138867744,-0.6141053243979185,-0.4227126325765927,-0.6927012709158621,0.7239062849562169,-0.2899041847291723,1.0825055847831087,-0.7357567249816536,0.4181838568251274,-0.49324008964578286,-0.8091214216941728,-0.5228957168232335,-0.6701424520107212,-0.7250417256908689,0.38917227107931185,-0.7075823143581769,-0.8969150645852629,-0.5938393125660932,0.03150231172418239,-0.6428533587737134,0.4987871194833374,-0.36767822948189016,-1.54707571309382,-0.759821941032145,-0.13686051305419505,-0.34487678631938157,0.47286031592466166,-0.32778965152300504,-0.3425465412103543,-0.605184661450618,1.7381967438463797,-0.2207827017025988,0.08177489149088055,-0.8790707775099507,-0.005518207609260132,-0.5922214171607326,0.0526539337835122,0,325J
0.5624662423584698,6.306225349932732,-0.6830738377846637,0.6079795499203017,5.862885218051661,0.2659274913899327,-0.12093306893651981,-0.1472729589944162,0.14286303732186592,0.01053416745733855,0.0341602076339501,0.240643833182489,0.40067363557818175,-0.5523105513459794,3.849042077826086,3.4169249209783557,4.89158403205501,2.088335757631704,2.5216311718253377,2.443644328488009,2.25945724690455,0.19834973539879244,0.10417050743239617,-0.929165321236205,0.19170745832343364,-0.08559875964742611,0.14409987985437347,-1.6858194010388436,0.06978930588969914,0.0,0.21974303669761766,-0.3365808700786921,0.8434842937145534,-0.3119550167065545,-0.1947888488921679,-0.07899692807989388,0.41854720318796834,-0.3316358803962121,0.03828403522263806,-0.16008632692051009,0.36650015410179215,-0.7192699207940844,0.5135383617447474,-1.305075873169544,0.8182607325806627,-0.08924857645346758,0.26518984331809803,-1.4919327451338806,1.3628677244287104,0.1737613390103726,0.2815734003650228,0.4522459705645208,0.24085489958439626,0.04238645329668571,0.3295464263007282,0.6289856624848759,1.0150717896499684,1.018354364568377,0.3127316151535308,-0.25750699436245633,0.6520110246015637,0.6822169846141066,0.0,0.10375962233125796,0.5587542342933801,-0.36774397436193595,0.42404625021240844,0.0670534715183639,1.1099359348347322,0.6210207547249678,1.0380110418018758,-0.5060678421778493,0.9790834649515429,-0.07216456582902776,0.0671839621548436,-0.17793534198879704,0.42945249220580783,2.105179169974173,0.14506661309369143,-0.1374350850242843,0.5917848275102603,0.16666174172860979,0.7285976070531108,0.37990747475622405,0.7061564946893877,0.4864779514021135,0,333L
0.27191501021211056,-0.07316363574376092,0.3865236523218777,0.22808998792893992,-0.2693525264068781,0.9628422900091641,0.31475930009787645,0.07961388741221279,-0.016140857725684486,0.24246271590940022,0.9892191869660558,0.6129058656963845,-0.11325469743815769,-0.3728159246607645,1.1162875007906177,1.18907032052247,1.1102748872111827,1.6189651822672382,1.9544476341791666,1.5541174988491602,1.1941115575902304,1.1611961076637989,-0.5831381781187763,-0.33005979695826093,-0.42634586186496937,-0.9795473835347791,-0.31100669296117994,0.3618544491724314,-0.18466646841726508,-1.0772265299469064,-0.6206048035898237,-0.1261651191074447,-0.25101288122831417,0.2708307855383715,0.0212379144072686,-0.549241232163472,0.5299294646793493,-0.841946163544578,0.35571311602197936,1.1235094383657147,1.3260723659221003,-0.47358975249865026,0.6390325791660192,0.31422346432549314,0.6530934178588759,1.5938551255669875,0.9388751585218819,-0.6149591413334959,1.6425776738005642,0.3008567581221659,0.6851579970900411,-0.07567712198651168,1.69340467343739,-0.21151778999254986,1.083718362060064,-0.8846139914947433,0.8470767838665962,-0.24270071332076326,1.6329985584854836,-0.5219620726642318,2.268668885897941,-1.6876859872387762,0.7144886875209012,-1.0575439450638902,1.0049817449433918,-1.36825909174318,0.42886160345142144,-0.6963558844312925,0.35643418773390445,-0.16270908704237583,0.07963986444995821,0.2680007905617979,0.5699531505408607,1.6567599882864934,0.3411805549551842,3.0059838852163927,0.6132956292474218,0.9756002889754883,0.0031366634144746447,-0.08701202631906953,1.2288832109095122,10.881675849891758,0.9329088263129119,-0.22106682975447792,0.9250743899479518,-0.2374737903467655,0,378G
0.44001918555930214,0.49941840268715965,0.5699199471683689,0.4577657379722544,0.2730199132253357,0.6426214720327016,0.36228522567714,0.5294444718940313,-0.3271432985199983,0.24645101687876955,-0.6194483952839301,-0.5841394312377943,1.529707972866947,0.0,-0.005764643075965353,-0.04995162041964575,0.1314869493328262,0.16642894071015105,0.1625763671203079,0.4330892646693786,0.5616026523719964,0.403011485524508,-0.2200376380866098,0.19292597069834128,0.20340143335632874,0.03109156734844934,0.6710676877894679,2.663468229222751,0.9066958757597472,-0.46219538831956186,0.2673904663683689,1.212659745409525,0.059223263103010855,-1.6054897215403157,0.1564401992392795,-0.4109737348308159,0.7110656564123178,0.7368276729493164,0.31543904858780736,1.7327098404335182,-0.05826796104697261,1.6024942748970434,-0.06370192544767495,1.684340137752507,-0.2825462376552779,-0.42892844117982903,0.813358337686878,-1.3450983290885101,0.11291699983796069,-0.17943107065134314,0.07322081395335268,-1.7520012165241445,-0.04301762902541139,0.9344409316107314,0.3136905408662737,-1.1976442192535093,-0.05622662133587849,0.9656921773801345,3.033834861494132,1.0145336056473127,0.5025226699708909,-0.004425640459910838,1.7041141272984681,0.8003444229002029,0.07570058248182995,-0.8188350566108169,0.7313870418916331,-0.2845625314129891,0.6966854608147662,0.20022441627244913,1.5555606627717555,1.2198137384903294,0.45044487785347187,0.44797858141955205,0.5305817613288369,0.32543724396088597,-0.33389083435098454,0.48626109936338524,0.6272605064488636,0.046178345509523794,0.7971010662136568,-0.3547613184765636,0.22995580321605946,0.3894053909054881,0.23604470149787862,0.34903861906277195,0,420J
-0.0824246859057815,-0.28042598902531,0.12976034537266345,-0.12275490200498314,-0.42992551686277836,0.4674258526073331,0.11182978691758227,0.9280442981524589,1.0902273267345997,0.09762216157927493,0.005275993591314542,0.7299144172896282,0.2583787079723568,0.3132803714234657,-0.21600539117097373,-0.127421128975484,-0.2571447294465871,-0.6186139307295522,-0.6747090726868918,-0.6643194364696665,-0.5911367395243038,0.11097389765115785,0.1715190475314247,-0.6334952897212149,0.14029438478477382,0.5920964510017562,0.0386158518830783,-0.3759858407483288,0.11068340815482976,0.12586518845722963,0.21639088260056694,0.20619785622106312,-0.3094143896908134,-0.26247803069149506,0.389239955075157,-0.20204250096720228,0.19956853298764626,0.3823434006851555,-0.2648228313288017,0.07600607287756425,-0.42365112751969447,0.7446723634704812,0.4086578550355348,-0.2765528470615233,-0.7257287668492333,-0.019731109220510176,-0.6929923505699734,-0.1983342604585209,-0.8426186032082444,-0.6132410819612167,-0.8254472994272252,0.11942193237613369,-0.8094004039584499,0.5137744863376003,-0.657016674333487,-0.3420366436143685,-0.9382654694480306,1.3139172760218008,-0.8210712006944394,0.33545558980630774,-0.7130192168639724,0.051735012754508446,-0.2450809583951849,0.5064226890182015,-0.4872865376383391,-0.06943319471848138,-1.013931103444193,-0.17336472235576839,-1.0236509062820205,0.0,-0.5433153074461752,-0.13598914872895218,-0.663516879696609,-0.4027123643662351,-0.5501384789770174,-0.24056135132447604,-0.049556617588982096,-0.7840048077112383,-0.7671114808650232,0.48437636434037745,0.0,-0.2785444955443597,0.1253084955649791,-0.9748794072905393,0.0831474288990912,-0.8558511401359483,0,444B
-0.5894423146336483,0.04293949419048852,-0.38619608731649935,-0.5204911907668579,0.20861385862161524,1.2154923201108225,-0.4706829826975815,0.015723568935283566,-0.17546277497932333,-0.129563109347768,-0.9239007094668154,-1.3800528604306348,-0.3272687127371006,0.26279163224475593,-0.2564362045251611,-0.29260403476118485,-0.3049705860445958,-0.6330719169844377,-0.67435943330952,-0.7328905191533134,-0.6865451868679083,1.272845361051089,-0.3464827144608221,1.9323751644566418,0.09412707933286603,0.2585980773568664,-0.1349163945883702,2.332987918315999,-0.39525341105736583,-1.2817402438654442,-0.4813563858203149,-0.38310794460869263,-0.4466506480675984,0.08866723384612638,-0.6969476388620558,1.2432524043337467,-0.5801453879832646,-0.13210779420665908,-0.7668807833261709,0.49640463623417,-1.204234675623903,0.6016258761313809,-0.37089404121594727,0.10440277857284663,-0.5931291751493439,0.39165306513778925,-0.788226978457696,1.9964310237126464,-0.6340900003260515,-1.2095816170888167,-0.8157743537544382,-1.4608346911991839,-0.6239119884052083,0.7051371769002128,-0.4224946104026631,-0.36891755631035844,-1.0753896585978835,0.560462147593097,-0.5744300445919999,2.529889703857479,0.12387112528361988,-0.5076023824565598,-0.9918904419384091,-0.5249111632145911,-0.9456888797690473,-0.7525923305684238,-0.7353421712983309,-0.5722816256070657,-0.7803908059507196,-1.2768026640864973,-0.9151994890886678,0.6588733588555482,-1.0504011199403662,1.0155397449191854,-0.333027847983953,0.501603003950012,-0.25307241930832486,-0.36562446991201974,0.6787865045467174,-0.1874129156349342,0.8966332883522667,1.3463594930617955,-0.2665355703434647,0.05462488416190674,-0.21009320246193455,0.1185563416181184,0,456K
-1.0489827464975239,1.4333789464804214,-0.8774508882586798,-0.6121842771695761,3.4785541506330895,-0.025184315104440875,-0.18167937787257019,-0.8103879105019978,0.7271808911360346,0.8495455866049658,1.736947516633586,1.389954400690884,0.7157010238237594,-1.6458904430075563,4.161959456821182,4.084008321634892,4.133256543708665,1.5728045978771927,1.8362812797031254,2.3337291572479892,2.142050897634972,-0.2020849776311432,1.1624124849566009,0.032097834782290495,1.4529085572833422,-0.44366979249049976,1.0696262358832307,-0.09859155703580659,0.5317959862279875,0.7827667882368654,0.4675390470130241,-0.4451289510393283,1.032400128002528,0.6687376662378114,-0.030855931313773222,-0.4360511008706684,0.2701450206129514,-1.6699196161694403,0.09453001794703239,-0.7377861927166651,0.7000597141561301,-1.158735626462975,-0.30860423783954216,-0.882621820659545,-0.13910405326878456,0.5548410354351008,-0.03646007219208556,-0.24164880692936255,-0.23970646990952466,-0.24478585736074382,-0.14011147091107146,0.1686038844048242,0.4771617509251321,0.27264188613384044,-0.3122708504514514,0.06437661329244705,-0.2363376918437981,-0.36982106097540796,-0.35859813879415137,-0.11135053573352326,-0.31622392284921236,-1.0794585155680279,-0.054614310056446465,-0.8210367411398065,0.40954560106190113,1.4637206535181169,-0.21895275976531736,-0.7176084459172509,0.36773217754446713,1.2683200896312181,-0.11069264849686569,0.0,-0.5495551221465281,0.2538340085808769,1.2300661915626783,0.3127426693010624,2.357706166666576,1.207850188689782,0.9623040370010261,-0.1582461980024344,0.39014797802587947,1.3292423406877523,-0.6480603575738935,0.09922465186946781,-0.8209924231625056,-0.01275294402197502,0,469Z
0.23974337666911033,-0.06932146941984384,0.38581001552474725,0.18821487664468614,-0.25754321076326553,0.23467113308743506,0.9297977316332353,-1.0475634604502448,-0.8012859015797907,1.3020135748779833,-0.2524306290579312,-0.1434104296864047,0.5492114343888511,0.3037461085878365,0.06581887753838586,0.15799530779126583,0.045938862137986765,-0.6558946208343529,-0.6889111897855099,-0.7405471577981168,-0.5552052629256663,0.37413204781209053,0.3100953393805273,-1.458937118940488,-0.22984619695917935,0.20202384172757235,0.0,-0.8730316114269219,-0.452820903359194,-0.20433281941995596,0.57798434392627,1.4173971870138993,-0.26815737949018065,0.4002448136465499,-0.6575781874523078,0.2237509696181687,-0.5202394610805287,0.9618624245453248,-0.3178854596864225,-0.10905742109009572,-0.5916079513337167,-0.94124519193436,-0.6577914091135166,-0.14650003959293378,-0.7296128894831678,-1.1305846363293361,-0.4809517300784362,-0.8750756186914797,-0.7403204788732662,1.5740296412520198,-0.57268291303887,0.3443310256810248,-0.7755499148639736,1.5635202033183848,0.26838643704640247,0.8062921030607568,-0.6462765984287272,-0.23570733040712855,-0.883843846912023,-0.13681065424530614,-1.0599627274443588,-1.055120907291025,-0.49301322546711274,-1.0799973266818037,-0.9609745215187936,0.005369846131563219,-0.9135631731543061,-0.13189704997816468,-0.9919079916483857,0.7642983759703673,-0.8358868259460702,0.44239929893373553,-1.1097484930945454,-0.18253774759665756,0.04531947973545272,0.6479167344157265,0.1180113457758665,-0.8536241949853021,-0.7273376897942713,1.012772030062647,0.11621478711977075,0.6893257618013493,0.1283295270328041,0.28026334196257996,0.052926796088137724,0.371827605325619,0,473R
-0.8841815793655882,-0.181184265514529,-0.7008765044652661,-0.8500436283220699,0.0,0.7643122126304259,-0.37254984778900796,0.8916420714031703,1.6361086126637001,0.5291057185194544,-0.10661060067127542,-0.5046755825304657,1.2099292373812025,0.10451562651940213,-0.2887438982123176,-0.3625663310533259,-0.2153037741754298,-0.11155145520421642,-0.16999781150507806,-0.0831980401737724,0.028620673672824656,0.8169231426570907,-0.681525063139148,-0.04685341937625661,-0.712166885948186,1.1443926079789635,-0.5424396091799557,-0.23614633924909095,-0.5643698973212512,-1.0555147251595636,-0.7785521623739852,0.0,-0.7539253222972538,-0.2808902228719187,-0.782434825185507,0.17584813484100126,-0.49401239003248604,0.90141415527791,-0.5090844393945821,0.019661353847970322,-0.2885650086783555,0.49441430004259923,-1.0749795780746276,0.6740661965298703,-0.8205220986786098,-0.6389940311048904,-0.648502825503121,-0.2572655632577082,-0.7616098707232664,-0.7493129136403036,-0.8339194398790614,-0.2638063600786456,-0.8250334018511137,0.5602740650351419,-0.8325385307949152,0.4823495928425263,-0.5727880170515952,0.533966818363153,-1.2897503888800268,-0.10547211984501507,-0.8838293116842828,0.07269903279976495,-0.549732634766364,0.09359587627960787,-0.4917504497516188,-0.32684098467187905,-0.8411440793112266,0.008630614910970799,-0.7719518995288533,-0.4775163598639944,-0.994646847981192,-0.9022997782898886,-0.8310913656876391,0.24778524334795266,-0.9413306766953307,0.23365312142868475,-0.4615843148728865,-0.025863268460483483,-0.41790012697255263,0.263977772755027,0.425768498844688,-0.0798374063813981,-0.8609545512602029,-0.8130718528021557,-0.9015175068504988,-0.7393737285927837,0,501F
-0.4785683800405204,-0.044992251624493086,-0.3906145063614516,-0.48422532519166883,0.015358043627834972,0.0,0.0015334564700958764,-1.6621767442420066,-0.8975598555618802,-0.5919242603096626,-0.899606235932568,0.0,-0.7108626983857245,0.29514619421428046,-0.2913326370070209,-0.38046951333773565,-0.4339027952306342,0.04298294461501573,0.03303684476515269,0.18965326540213723,0.2852120793002813,-0.0657997725383935,0.08682869563827858,-1.1349590560691443,-0.14894015032102836,0.0,-0.09674612788269416,0.02282704753201272,-0.03917094870604294,0.6651308200334756,0.20489436256857227,0.9754527373363978,-0.35690394244092555,-0.3407241417680272,-0.25112752064052163,-0.6663357539983965,-0.22562046254974497,-0.8525276110297741,0.024618351678454452,0.008732545733718225,-0.21867464851267585,-0.6533480333452769,0.03337735160770685,-0.3551347343600762,0.03891488155726269,-0.5043463870608644,-0.02937985387096077,-0.7453532574997924,-0.4838315243499862,-0.2660509578010887,-0.1608702376739769,0.2989594437014175,0.13251331566371702,0.0016985964735441966,0.365749299672337,-0.8663879672552081,-0.036730449203585314,0.13845978102236503,-0.33602124526257066,0.20101689788918564,-0.30146117160651803,1.1026146605913636,-0.3343591589725241,1.048686398911969,-0.17526776232856528,0.18868720991533314,1.3547001721378262,-0.38336922388809125,0.08029250215796832,-1.008402870928916,0.33528493332221027,0.33045817537293626,-0.3587636816151883,-0.41370434320922517,-0.5734416609592581,-0.6699162093281738,-0.1635343798166851,-0.5684768725789308,0.0,-0.16941654007906393,0.90109243839677,-0.28345047333171575,0.6833685632460529,-0.598467761813607,0.751975175632437,-0.5702627626475729,0,511K
-0.26984303170316826,1.599235419438593,-0.2636389728737419,-0.11268211520936851,2.1330849978422606,-1.7718004541318428,1.2219276985930987,0.34107615427914617,0.3493661430882158,0.17321665349002344,0.0,0.4867762625106845,-0.5780873624995584,-0.6115610904640059,16.64409753608348,18.033516804537776,12.030182918346718,1.9880315111248623,2.475174639903536,1.0414485864207637,0.7605199270961259,0.8807454465342295,-0.13464991416919556,-1.3164866400797874,0.45036168379434716,0.22681368581312042,0.287210065406319,0.4350080880307812,1.1443381013942453,-0.46991140739060483,-0.47359493773024824,2.103492778090183,0.0,1.154008921889438,-0.6357446690458155,0.3672192141588787,-0.2872970076016195,0.7495929944948163,-0.5119969506773665,1.2549626200588293,-0.8081672467268569,0.7270986603547651,0.02768651377103575,3.17085992076593,-0.22974911299042208,1.0612612535710189,0.2821419089022872,2.327469123673422,-0.6212533743179429,-0.4398846987764467,-0.7599284376205754,1.1097824994690975,-0.7199265219025688,0.0338401731142686,-0.8055729382501616,0.19091759340373288,-0.6885622437784057,0.8115777206166181,-0.6400294871039249,0.7897274192718436,-0.7114688530961363,-0.28736226432193873,-0.01323698915383428,-1.1738699489462545,-0.5216963985102764,-0.5625241121470845,-0.8100772247014395,0.9416878327773557,-0.568244695190751,-0.22254244230488768,0.2577421054991662,2.131452144110717,-0.36927930960107025,0.08795729098285703,0.08176195715791075,0.5183224943768264,-0.07054701109409853,0.5162489964521224,0.5973752528564189,2.44327643287906,-0.4228177510768232,1.10622723211568,0.6359483109100158,1.3561571825324148,0.6828193767906643,1.1785256771560817,0,523T
-0.8699088158394979,-0.28863390836096026,-0.661009882346049,-0.8041616819477431,-0.20714641758210714,0.024190559147933416,-0.3933372410914805,-0.6959992486234938,0.3898325800121568,-0.7609298026416769,0.26040440473037496,0.9082568375465488,-0.6573085001628015,-0.24945514111663966,0.616676567971626,0.6492678849888487,0.6152967023096474,1.143007413889947,1.3398062027977915,1.421825995614933,1.1983110639331824,0.40177902597761556,-0.5051289098723111,1.1217733050014647,-0.10398169003664098,0.6701886834991072,-0.34320619073537456,1.2022303340787768,-0.3594270041405985,0.17599678200743965,-0.4629310807092086,-0.09857991468080955,-0.162082365451624,0.14514233296545542,-0.4851216574207881,0.44192862186450294,-0.3134017369308219,-0.6701298533584626,-0.19228579071308768,-0.12756112904828856,-0.34730101810382025,-0.3769314983493436,-0.6345212993299696,0.0,-0.6626930029704658,0.7707746532374681,-0.16276906491164814,-1.6604706068760224,0.15521575303113747,-0.28214068071333054,-0.10073530537868879,-0.30929452400138263,-0.015357881646264828,-0.8792535883074435,0.4360346132939025,1.2370264114940186,0.22613182383172248,-0.0501178630102959,0.19413748359018737,-0.762368044947254,0.3413986598699438,0.5321023097202728,0.29107380306393954,0.36317317486143713,-0.04746858993434558,0.14970499666097603,0.2711526122635728,0.5530464708956782,0.08833516070162467,0.5269559290763164,-0.17368166163227494,-0.38821402134510585,-0.18973057101840546,-0.3122995225326843,-0.23125374911466928,-0.5339997146550571,-0.4843070461125788,0.9118036345471399,-0.0695523453239963,0.28791269364947203,0.4073414463071426,0.06907525486990797,0.4808921987985687,-0.6190940426620541,0.3568215506262023,-0.5700151315589701,0,528T
0.39663657128093016,-0.26639324180726615,0.6162486955953134,0.3345563937921662,-0.49584557185635436,0.04312019291371966,0.07658742467817084,-0.17440160433108726,-0.9170098657439859,-0.715732668570587,-0.9323840278435249,0.14000753648693123,0.4209000820736533,0.4200486853324114,-0.7171132323473336,-0.6626434625190671,-0.6857011916846516,-0.3188575689963915,-0.3435479957656924,-0.3078242465887797,-0.04106817395754887,-0.2195372430241687,0.12649289344294581,1.2549862350903047,-0.46412504112319614,0.27858961029465934,-0.14626435968949386,0.5103792655472396,-0.656483610009789,-0.11541392309598315,-0.31047347350075183,-1.0375597972982775,-0.09415203941747635,-1.5228454715163458,-0.39780768691147045,0.41148447596995874,-0.3357062857047298,-0.2457070661539157,-0.25880092670376725,-0.37916158532482697,-0.46377585511817937,1.5964908227893788,-1.0061848114608292,-0.37095216332613473,-0.9394396252488365,1.1915870957251076,-0.5187240540151342,0.03947417123217595,-0.3896133346190637,0.38929118058304985,-0.8566362601110219,-0.2173539346163026,-0.8297826827790254,-0.31105793931359027,-0.5934801982901431,0.22991120663563872,-0.7767583465150169,-0.4902457907469336,-0.1891743892621049,-0.41562942254506746,-0.13209144537980838,0.39630938678004896,-0.6716431619273782,0.31011513748079883,-0.9164208258081614,0.32648543727575086,-0.46092557493406716,-0.052380070361902564,-0.5318760671482097,-0.35287340611954215,-0.13379547421912594,-1.5712851822272291,-0.7591225786524736,0.2247048489531953,-1.2272695482031994,-0.33224066396021323,-0.6085813140359958,-0.7345316104245182,-0.9364939839272921,-0.16450273444400063,1.08833956923543,-0.41228178921816777,0.2422848067152816,-0.20631796938203056,0.24779683476038428,-0.16189248069675663,0,538M
0.08195758843213975,-0.21550013767039022,0.25308031840399003,0.029048745283284338,-0.3859157349762096,-1.6529024458440653,0.7542048349685606,-0.6506113956158327,1.1136206236724575,-0.17084763652154855,-0.1675103354540719,-0.06961291233820757,0.33835710262610724,-0.5386676799105647,0.12702454415489475,0.2255656441284543,0.1456331244887942,-0.00381072041076976,-0.011757941634349511,0.009993439775645069,-0.02405067724094157,-0.9146700387696665,0.15250555019097262,-1.4817733341659,0.33555425293827235,-0.010451326618165781,0.3409647369572584,-1.253242188954354,0.2926686430057024,0.3857793938038477,-0.134100668656695,1.2771288630748894,-0.012488720758380506,0.7662536057470705,0.5985579886335867,0.91858729465379,0.017142231092651058,0.9491789445668845,0.8787889859726855,0.46687219539493324,0.4209157720000942,0.5396380698691313,2.383172227252717,-0.8450942452551777,0.8201802325661408,0.2848105707369287,0.28919934512442597,-0.09824883273609124,0.3723440878978436,-0.44552810714734964,1.304718516089212,0.8266898649480092,0.4823802162555967,-0.6562634925040349,0.8594573636062218,-0.25220949517151586,0.19536588974857655,1.0420855412493448,0.8862123336437143,-0.21993462934107239,-0.018811359354365,0.6786984771366354,0.483943974563016,0.03224886059987827,-0.023689807350305254,-0.9334656179531775,0.5232541395772103,0.1461986874349753,-0.03925971709265211,0.23076025065209918,-0.05435843517144259,0.06117576504051863,0.1369400559221107,-0.5546403847801439,-0.2677648139690355,-0.07140656322191903,-0.2326854681759067,-0.3409887659976651,-0.7833510194941531,0.5985312914455315,-0.7688537744026478,-0.23806549521904685,0.03836545744900364,-0.5494343511175234,-0.026365790041197962,-0.5049678844875614,0,562E
-0.32329231066046,33.24013505737412,-0.8780586414032269,4.961933401466486,39.57519073615532,0.08088960236076026,-0.4747237438028954,0.0657246653861705,0.06842009476396275,-0.8528886130287334,-0.5146827634036215,-0.5093508886455239,-1.1341115814171452,-1.036734725742331,7.4135521409969725,6.539153919753771,7.46165278287187,1.5040090595641487,1.7030767514351752,1.312995884574462,1.3548708103979272,0.0373396444329178,0.05842044836867938,-0.7189146648000522,0.14512045946679406,0.2486915809668773,0.25206929824769214,-0.3281526613181725,0.20834400648926174,-0.047198450957080224,-0.026266663581750407,0.5758659950979009,0.35101754128832396,-0.9568944023770402,-0.12878807152848237,0.09092971462123298,-0.1343798980555095,-0.4229521937768463,-0.3393940358023203,0.49501973090185714,-0.2942093149388431,-0.4088390950645905,-0.2891585408397805,1.0175090195883552,-0.10071078432576207,-0.3203096096043066,-0.24137360302615316,0.768668559974532,-0.3290558047998246,-0.13307331106796935,-0.05245907491022253,0.3419364211243487,0.1229818769536626,-0.9882465028372532,-0.26076055764464845,-0.29215301569374913,0.13515982468174567,-0.6919433666289516,0.46814180246883413,-0.5799069470434381,-0.2689527825568938,1.904873939904732,0.7517104730390053,-1.4758322175354723,-0.1904489431978884,1.1727517983776796,0.11487009725525611,-0.32255390547910445,-0.11863837396391409,-0.31715680996085804,0.8332799262554739,1.6550896749309851,0.13406961025528372,-0.037070502560792966,-0.5187834860470696,-0.4132670987192628,-0.38131962502187094,1.7294852716977767,1.4387671760036513,-0.45384586988925296,0.5959094681441983,-0.21395897242964512,0.38413474501258454,1.0631717064416393,0.2496507281360795,0.7975430998820783,0,569E
0.20331071697712974,0.2076286565063778,0.21424660447616103,0.17434753880834133,0.05668139766726158,0.6113636487773855,-0.04951286616214509,0.552767521066895,0.3615485559904335,0.0942517901668558,0.009391810901834005,0.5402145550533544,1.0328770586629477,0.38271787744447017,-0.42042864230294213,-0.5346844882453003,-0.5834583184197932,-0.47526793464059713,-0.6201700841406255,-0.6773006305778811,-0.3965789056771436,-0.2930373088620659,0.5404411505339889,0.3682651974241434,0.3934863656388616,-0.3543316184629528,0.33240372053275696,2.664574181762562,0.42427189578606617,0.1370128504641906,0.1503679181245783,1.2901746700300003,0.30640514667021346,-1.2399957571107525,-0.11158907823133676,0.10226587448555088,-0.3041817055688425,0.10003271849561828,0.0021948869261098594,1.4993078041674535,-0.545174995457512,0.22084792335413359,-0.998433024545164,1.2519891872634241,-0.5677303443669678,0.3517951708584305,-0.19392232256207986,-0.2604644462662114,-0.43527096992339986,0.33450192401556955,-0.043431914507388904,-0.8004357241402019,-0.2664023166930204,-0.5417463519433333,-0.7031465303068023,-0.753081251197992,-0.6332362674218374,0.5607714226681743,-0.14092151341248735,0.8880506055182542,0.4951584356046504,-0.4555243264280085,-0.41815953359361213,0.6008792958708734,-0.2674538826080711,-0.642563756178798,-0.5270779575275912,0.9441116756153954,-0.4340975571102376,1.2549262791261862,0.8950293263160127,2.0038551557559283,1.1609936358075015,0.03745437088720669,-0.5168255578166252,-0.43175585646333436,-0.3882566739420086,-0.48707873605482704,0.16632337840247569,-0.2302733931415349,-0.23111378310089098,-0.2691140624141525,-1.072416167045354,0.04379301783799397,-1.1859145959235953,0.01275294402197502,0,596S
0.17743960959090088,8.282839115923867,-0.8735252944700072,0.2805698720005979,9.05573435702241,-2.1528943634352675,0.4848674881269769,0.02834247166740737,-0.5687245775841135,-0.5192172907979568,-0.43628454765030866,0.09787968315133858,0.006943577082378516,-0.03328782987932941,0.7109513688368807,0.7143843231734582,0.739956486955376,0.023757265297788013,0.12745179838905377,0.009365441246926938,-0.1877702307815166,-0.4685612772249856,-0.4276573366225268,-0.1362958881106969,-0.5527152186066653,0.37948132858015265,-0.5656447467098646,0.5817764801368447,-0.5417923284472543,0.3110694995282027,0.0,0.2115388103329039,-0.12828443438048537,0.1623279482689898,-0.6940605829216563,-0.6518559392529935,-0.3228257569367767,0.44714153770692394,-0.32650032818508506,-0.22242678646599304,-0.47090528814375543,1.4114287823758913,-0.5609363386908629,0.3458402707260979,-0.1929470063425572,1.0464157036812824,-0.38137115750348,-0.1717004533482982,-0.3906941646316864,0.49087209073975,0.06963182263021951,0.021294316511366113,-0.20028836115494078,0.261326316508527,-0.7931320046760215,-0.5176504071574738,-0.5631283812924411,0.1835286840868812,-0.07970452765631836,-0.6166456657836409,-0.3899358973717381,0.09726143775892618,-0.3506716891884517,0.2329533229258762,-0.1258507799717613,0.08708767335251143,-0.43010392920883306,-0.10684768265344062,-0.08214842355843503,0.38306888317029986,-0.9606174354978277,-0.46810874486013426,-0.6844744095020265,-0.810062648810417,-0.23083768414110312,-0.4655630446593659,-0.23892420148141016,-0.2861868581457326,-0.43834618487660526,1.6217834041877874,-0.6681616174631423,-0.3639610122705253,-0.4997001841980677,0.09671007368231839,-0.13455180872638448,0.06927496277023548,0,619B
-0.7553783109684994,-0.32125535998721666,-0.5647464872762956,-0.744118076733685,-0.31079709334742417,-0.5948497498417993,-0.7914711584704491,0.4098513450442066,-0.09295161359907174,2.0610170708981617,0.8857732093879765,0.6677880126488929,-0.4191221993069334,-0.08623649729277746,0.19971738585580234,0.08246228038381183,0.2355458659384024,0.7329882121291322,0.9975621587928541,0.9123555637009014,0.5888309302221184,0.7593923383602165,-0.6408274650534961,0.6034102310089651,-0.638947130388068,0.22661805142663488,-0.47567498973959516,-0.5026315460522331,-0.6020004513469138,-0.25872504562927184,-0.6404472943604667,-1.038535072199387,-0.7919363258475351,1.0996027944266988,-0.6340537461743215,0.522107782960756,-0.7113208301563815,0.17867753492986285,-0.047834128796155576,-0.027942160444679055,-0.7458365398311259,-2.0112731984859646,-0.4965180961421029,-0.25910142261668,-0.12116052520674377,-0.8000724107844797,-0.5401664916194248,-0.1782310327977832,-0.9400364927808827,0.12514204741436197,-0.6155405724176409,-0.7402206277231594,-0.6606189380792252,-1.7643231711090646,-0.4096733122128577,0.0905762925266738,-0.25724165478048433,-1.6196080263089006,-0.5873093890065615,-0.11036499154164102,-1.138241067498158,-0.4678976902797271,-0.5954359068131311,-0.4767958987438674,-0.4600133257681849,0.19155428307636904,-0.1616764351362355,0.1861251918149711,-0.3353475634563914,0.19456499476921504,-0.5518113354900646,0.3121175305278757,-0.5491938790591182,-0.0801151199884948,-0.8893140051700595,0.7020569335218333,0.5472249684319859,0.10798745746433881,-0.6566229828951613,0.5926763765186128,1.087476758596889,3.621249324977741,0.2782028740544566,-0.9748794072905393,0.2452586175103954,-0.8558511401359483,0,621N
0.030202137220986573,-0.3001115224220073,0.24926394155735365,-0.01755790336806763,-0.474820459966781,0.35746016758065485,-0.17796706326991954,-0.3369353241285759,-0.28639460881338624,-0.4640986426592442,-0.8642028369563088,0.22615974355707497,0.3584641904935576,0.32747955820809754,-0.38287978825050123,-0.30092211846139194,-0.399444795607191,-0.5528580489370643,-0.5730512346550497,-0.5744873551862006,-0.4211870733142974,-0.1348498677201949,-0.5253360709126527,0.3788977081399525,-0.8468072653562767,1.1591879393390363,-0.38622244309549436,0.8847954691112471,-0.7658011052681442,0.030841530571813318,-0.950944701494036,0.09419744108643693,-0.7721961505311425,-0.9011974393758937,-0.7434280830356961,-0.22274156363102018,-0.6575757641055716,-0.12139007087352081,-0.5983174328487485,-0.5886880697668471,-0.7350168794982503,0.990447462791284,-1.05223694838864,0.246584235635673,-0.8631689046667959,-0.015109196509072649,-0.3277819412318817,0.7765756780899109,-0.6828444149583615,-0.6464178538883313,-0.9154985749929482,-0.13895319317525376,-0.796566029563056,0.27297146890998275,-0.8420246316742275,-0.43685442427377347,-0.9290471533748472,0.35217610631318735,-0.5684581700933774,-0.09240176690776868,-0.4047176579482468,0.6753897985796722,-0.7534568723992566,0.14268994510213717,-0.7615547963717413,-0.12206737669910826,-0.5433645348876621,0.0,-0.7346343481409796,-1.0064981785094558,-1.1444322711578268,-0.3068929067255475,-1.0346384782514753,-0.29766942240897815,-1.2723629195971744,-0.30867520683905614,-0.6057950739048676,-0.8358753599023796,-0.8918583228702806,0.05800677015524101,0.1739526108162352,-0.4389158240252148,-2.24843363186656,-0.9748794072905393,-1.8321228464386952,-0.8558511401359483,0,667J
-0.260933558834586,-0.2655218716574915,-0.060472305745783196,-0.2749994482251534,-0.3710779012918797,0.7127314797356337,-0.5128982009670275,0.04011193744409766,-0.5167674762551349,-1.0645850588325096,-0.46865891369627094,0.3162693307062358,-0.4062220787331985,0.2232630623709592,-0.3573766792532229,-0.30585591471919776,-0.4245433559980939,-0.22891250866102,-0.2298152140732141,-0.3080577449517685,-0.14977518303824813,-0.7031236615673563,0.5207660680787293,-1.537314430391708,-0.30481920222737874,-0.6264171665997663,0.40132475695276815,-0.7826473757352945,-0.4131367881496662,0.09634298252849566,0.20550405752552184,0.7218585473535172,0.4222732915996713,-1.2401357678628186,-0.2885178518784175,-0.46241638631051996,-0.04994933481128569,-1.377967465973588,0.15081567780828486,0.12725919089128973,0.5015994673377102,-0.08200784757773971,-0.48444341711462247,-1.1285391779866811,-0.7736795796067436,0.9332973382928645,0.610791259141135,-0.13152760995454355,1.0141273941985864,0.13600107287881477,0.06937374270640802,0.4245894673810651,-0.554949533280213,-0.6419738783259551,-0.26739178449314777,-1.0696528438970576,0.15140933717080018,-0.587075731819406,-0.43771935975138027,0.7563558277589437,0.05937319618249743,-0.23511205838687024,-0.3526217718002591,0.34130992438406943,-0.7270710458592389,0.357436243821202,-0.5884708735602967,-0.7122262521997206,-0.8163968730491279,0.3186438115551974,-0.537281940333145,0.2906738195349994,-0.7134918908408546,0.5061983066137576,0.23206219626382507,-0.23184536033445916,0.7321756939274062,-0.5835092128663147,-0.47663670109186695,-0.5621665833030663,-0.06772941231192517,-0.1841091259757181,-1.1193741118918177,-0.8466554731520023,-1.2277482024405362,-0.7663446260611453,0,678A
0.20783847542661155,3.7253364839663554,0.35114264314225035,1.6277703030481896,3.926249304905962,-0.691853608595565,1.529753345036264,-0.0778432124650098,0.0,-0.14730562974771103,0.2163097731417257,-0.2792713203252366,1.4857410191699092,0.07558499795575463,0.10051752786031766,0.07292401122158827,0.02446888139278118,-0.2743999513516599,-0.22656219784953432,-0.31970567315374865,-0.32270512267151086,0.6002359218320573,-0.3664487544656465,-0.05854827948705363,0.004213416465602576,0.18009008289301592,0.343232088337555,2.2719987494858347,1.0196777609827545,-0.3049773515610636,-0.003920447815416842,2.4168498147867044,-0.24302418343866078,-0.46498196378390605,0.07117172171242316,0.857768133553092,-0.2446587912160556,0.17258903570994477,0.06891496609097783,1.2303027358321044,-0.35375229544717535,1.58091295213702,0.02925757574063251,3.0714248169758744,-0.39181578681454204,0.571071558820171,0.272021818463143,1.1106606502683807,-0.4938853822176412,-0.8473252848785787,-0.2444586558903234,-0.601669288164317,-0.9498646599375337,0.5872878729384279,-0.7751925684688301,0.8452478803365214,-0.6121400511562435,0.5568716092551842,-0.7001991611123666,1.6945459241478689,-0.6126240551555195,-0.283053893610852,-0.3104581456619722,0.006003254123991674,-0.57563343076804,0.4332258878323677,-0.17991554005230884,0.6417325371167604,-0.7365104255205329,-0.16278961239235906,-0.7912439885736522,1.090783525050467,-0.6586038871715773,0.16352110400537398,0.22397539104508238,0.0,0.0,-0.37439737773239223,0.1841006461365088,1.0006934834073002,0.2270113455310794,0.12061684883214757,-0.7912561796066283,-0.5056949442319224,-0.5822729526782258,-0.5152018658680981,0,743R
-0.8879650276634143,2.7984131093511153,-0.8277360142974016,-0.583551650431413,5.582856829440125,-1.7316156054728276,0.8034792117758578,-1.4691421888536715,0.39481501300480965,-0.577062476640024,0.5480211354094503,-0.2319766373871347,0.0545407920433493,-0.5227591375206613,1.0707932792145258,0.7701795816964009,1.0247126630088392,1.6122136213742249,1.272718302941441,1.8469268609399794,1.9211601033178614,-0.8999634907925373,0.5131209983232382,-2.0447332391637967,0.828741497376203,0.251443478531432,0.703914926637843,0.28398771602642736,1.2339963464948065,1.2176589916266731,0.31130916607114106,1.9554618436504891,0.6057527189152084,0.49386883245001567,0.31584469145218835,-1.3872692562447786,0.9218004690727787,-0.07721645316075096,0.8055420368935473,-0.42398566117958847,1.5976012173004055,0.25589903708181033,1.3598162792773292,-0.03885492083338596,0.857714614341608,0.12259857075880409,0.42001796947754755,0.8173076551974042,1.0475778509710694,0.27736361644698787,1.2340471176203154,1.3901667461959593,0.1955162064377376,-0.15204035196641577,0.557904739212361,-0.993690080794266,0.45127220573952476,-0.6099786227343417,0.7627338564551703,-0.11801845294731787,0.23791229363234462,0.1915494410785645,0.8600253012920487,-0.4841376144318349,1.332061473646267,0.45510633561878416,0.42230115958833847,0.6414831912151795,0.8829141001010047,-0.029327016156574542,0.7602002023386649,2.085592920200588,0.8164808184988709,-1.1039316350594433,0.2689861599138679,-0.9727834639330146,-0.038418137340518896,1.0157683198681882,0.0768037310668094,1.2366215603238155,-0.5720206199487676,-0.41972165055068494,0.5453387154589784,1.4969355679284269,0.41401398336536904,1.2740195749549446,0,753G
-0.7743506693872333,-0.17483820308366832,-0.6206007626910698,-0.7593335059211722,-0.04841205431846112,-0.3550597034294902,-0.46387919847055553,-0.27245346781944185,-0.7661715805372706,-1.2487971731753866,0.08244414887510909,1.4395619498603804,-0.9904278185788187,0.13933465625411445,-0.05730122473995023,-0.200017438025684,-0.07405447449390543,-0.33623124346964256,-0.40402144899387776,-0.3763721604705666,-0.2063210529241677,0.13245917081176112,-0.6489237389766344,-0.014555074582613719,-0.555217902068205,0.3557601017174666,-0.6646487844135149,-0.001238518369215937,-0.7616005132437297,0.02438867028129055,-0.9934473047539434,-0.11091416931673855,-0.8409354159925556,1.8965280177058446,-0.9943415459187301,-0.2206527110555742,-0.975123974017004,-1.7017454327265948,-0.7474581344101119,-0.5187470116396408,-0.8994622698456789,-0.6526512628706929,-0.8226950472417475,-0.06986677502825868,-1.135995800922289,1.58249845340498,-0.667625015126341,0.04839149448438068,-1.0914896303206483,-1.0833864915552527,-1.0391887608932213,0.17397073624369822,-1.4209087823327016,0.6158835501678187,-0.9864608820127445,0.5001327747108477,-1.0463665366031032,-0.28020829002623554,-1.313912787250126,-0.06023556607812166,-1.130127746956131,-2.3730769434182317,-0.7012900246408046,-0.4181878306240979,-1.0434704226297233,0.2757544756255182,-1.0387927678966014,0.13271159219384818,-1.049594208571346,0.15200826548734192,-1.4161360703502694,-0.24534645672825314,-1.468103379944231,0.9742648818122869,-0.6171745746393201,3.1385315111608794,0.03295828500046109,-0.17593736062143409,-0.4201688078454194,0.0,-0.3253385901322604,3.3349164625165963,-2.3064429783012224,-0.7815172957026559,-2.308085756876685,-0.7132714787846032,0,777G
0.43372257229483163,0.1022704554491356,0.6055720247203735,0.39764403313484814,-0.12721487109781776,-1.9969707451924803,0.03895584291771761,-1.2129987400112918,-0.7812468539544952,-0.3927263660194527,-0.3560119206061541,-0.4356507452353915,-0.06849629856678785,0.28380892483188136,0.6010267061679404,0.6703042222010526,0.6605194053791154,-0.3119425902976593,-0.31198731973885235,-0.26713308528900614,-0.2379638112732559,0.23977077791556772,-0.454812944948277,0.2710189259668899,-0.4817046259835284,0.6151853303900793,-0.26371188232735293,0.10254928281927574,-0.5492221743144435,0.8015309160578882,-0.7200239194571275,-0.424134004902099,-0.5204515000791632,0.3583963285112223,-0.2617536604361448,0.0,-0.16801780716793446,0.2976223689288738,-0.44456786847126517,0.42140444712148106,-0.503671594987875,0.5267747251338696,1.3769695416886887,1.2775280127857291,-0.21987132161331777,-0.06163432221839304,1.0894951332074962,1.0233450423883816,0.33719272974263487,0.27096019610267197,0.4551391719835145,0.48478926351397494,-0.1827661801835768,0.47200099921749383,-0.30430755227930156,-0.2142954442910687,-0.25521923949559194,0.19416129925277592,1.4693482722934614,-1.1655073739412511,0.1137954573750153,0.26673513587774306,0.06845182421521014,-0.2974372670641819,-0.16006034909864697,-0.3462005036991837,-0.004062305984565781,0.2323991304677171,-0.16798330404996165,-0.5712519960029939,-0.3446934346545937,-0.7336384115164281,-0.053785964364756265,-1.0644749644095837,-1.1947049562237668,-0.8332487386456493,-0.2313756884625483,-0.6750363699665853,-0.6025496878295922,4.550172396542546,-0.08379912736339573,-0.3703521195318829,-0.41725532008184785,-0.39231446368549794,-0.02656251906886306,-0.4022371207082682,0,777R
1.2341924927984584,1.2324787366538126,0.9518534577754137,1.1806647753806392,0.6004883706589372,0.24072118310646082,0.31726877990845703,0.5926031120771617,0.9491128098634678,0.22455870323863902,-0.47940935560296893,-2.000958153349675,0.783077436637486,0.12183606071111776,-0.36361886627517914,-0.3875217399255147,-0.2765939916853156,0.2367240643381825,0.0,0.24046633373573828,0.8928152809526316,0.1799568902244323,0.5319989711299282,-1.5583064280961532,0.711386430474995,-0.8459684936886656,0.48900567250730287,-0.39525105192180143,0.6608673716060973,-1.032663974838287,0.5580678655780031,1.7144158312857165,0.36538456510190975,-1.1090326321125916,0.8584635107859749,-0.06960872343910512,0.8036757062209186,0.9667407354373778,-0.018582743234782678,0.5960353201285377,0.35336487746176815,0.41901729760618184,0.13496430743006446,0.874351339268707,0.4882456639856833,-1.293897217802215,1.1249716550790283,-2.1917137866366234,0.233870175806534,-1.6524094374012046,2.5593262715474747,-2.2180211444871674,0.9975425022766085,0.22604957189724562,0.8982154382044313,-0.8314484679307632,0.16702409436300497,0.1987695528893284,0.8440793638668739,1.5226388106099171,0.2327861930530304,-0.4006849085762318,0.7919674137251299,1.8450933827401153,0.6347238807762773,-1.1390796837020316,0.4145084606419842,-0.08601797313990793,0.6992047173891645,-0.6770861945132653,1.804263042284666,-0.8916534222933545,1.6781569347140435,0.801539173406811,-0.07399200404646196,0.4609105060135778,-0.2368341976693517,0.4712867835371565,0.6542263358627618,-0.45823715258855874,1.289044366853341,-0.0956681724045555,0.5416028834714314,0.01562803750894482,0.4507074260292471,-0.10888102329724586,0,789Y
0.061482274873652244,-0.39560780680411395,0.2866628376171555,0.014194823260694819,-0.5914264389446983,-1.0996285434947586,0.4692012099641732,-0.16964953599849883,0.55840805092635,0.6149158701903868,-0.43861033099746544,-0.8476343348178216,0.7131602832288406,0.24029162801120607,-0.28904863116311935,-0.2128044745454894,-0.2380555928369134,-0.5732183803471914,-0.690017019790585,-0.6083930000466945,-0.49285480756080574,0.6987445120732487,-0.6438307682809176,-0.15042998301905605,-0.5303642583436495,0.7490410536478411,-0.4928840783971009,-0.39276919368318863,-0.5611596879995917,-0.6118423120485377,-0.49806186244490974,-0.08084458449932981,-0.29155128535265035,1.2599470958591645,0.06061682264421242,0.6409059629504527,-0.16083011529381325,1.673013103112508,-0.3007576165797811,0.0529592299586479,0.0,-0.2709233313480962,0.3954521803573657,-1.5317195192836845,0.22057542194046117,-0.1980850284035287,-0.16147852965250345,-0.11961943370226091,-0.06684950296562674,0.27262214925310324,-0.1700138515539528,0.4543128877910609,0.2635127870455504,-0.05274116029442165,-0.09717103209706315,-0.0340734600395821,-0.3169447718664323,0.8443473376673342,0.1443969120506319,0.5914887499952785,-0.15261443414898268,-0.28178298277762964,0.06821595951696834,-0.795858739667804,-0.14933420074622322,-1.3031718969702184,-0.2154760458366386,-1.220345699119695,0.23497849901418724,0.6984673395677825,-0.028177447996247378,-0.1052813338598138,-0.082872193521392,-0.1065629251822456,-0.3625185882334277,0.7640373138952895,-0.0675230888463295,-0.5900584617933732,-1.0451397003537768,2.6707680135060756,-0.40902229056274364,1.4368229535672001,-0.30714608810592264,-0.9748794072905393,-0.05860162359795452,-0.8558511401359483,0,803T
0.0036667077732247125,-0.10585723698333517,0.18308978337066625,0.0,-0.2385729254368371,-0.5291863115157697,1.060263784569454,-0.5122879753542874,0.11652517983452085,0.5203786786438064,-0.023837190010570265,-0.17079194519387994,0.09447179693365568,-0.02111373488674967,0.96397135997305,0.9847281540429229,1.2522410000930744,0.012474638051821833,0.07372517678148018,0.02498849736237194,-0.170821336879535,-0.2618513496522203,-0.3813940974787703,-0.5245185352660953,-0.4504741144983146,-0.35051811151066525,-0.34848991782648603,-1.2046624320935322,-0.15162060169553335,-0.12952503391164924,0.03699705613535441,-0.18580038582640218,0.2021547436394224,0.4305905676788158,-0.07814278189339521,0.11047116213928002,-0.3271587238361706,0.6277833812421041,-0.009132342843132064,-1.2399639618026599,0.3914158149079517,-0.47454531566889924,0.21928208222730583,-1.2848536363867349,0.4041506553373989,-0.01321470221714795,0.5398613800642355,0.7546442262662941,0.0,1.2203658850421606,-0.11734214754426875,0.10034061136969093,-0.1393147920399172,0.510031551011825,-0.1047310865174599,0.42332490794298855,0.30401179537529377,0.7595782250062316,-0.15473373624983944,1.3583262291998344,0.4546014933415574,0.3026254209505321,-0.14039200412888797,-1.6408985048916618,-0.41502060907448945,-1.331366859089163,0.6288089556416574,-1.485888465844812,0.8606233901787194,-0.20412352750530072,-0.2703889625974869,1.8176216413759738,-0.2789667936038431,0.17060894318528763,1.6741809206342162,0.5664748514548988,0.720656559046107,0.05189332805919631,-0.13273241882666,-0.10835720191794197,-0.6750521757066031,0.45320873524983263,0.2555265219391237,-0.46482473991895235,0.19051056016301615,-0.4236139393691753,0,821C
-0.6935530134551485,0.7722865290474985,-0.5593687662274878,-0.6858527855819153,1.489542176334129,0.397623966660802,0.17665931172679766,1.0029787379856794,1.1583518904067545,0.31642048550139806,0.08341179219145704,-0.15095915066428095,0.1796097158792056,-1.0597568503368513,0.0,0.0,0.0,-0.8032601129114729,-0.8705205104890986,-0.9264255281615734,-0.8248967616146984,0.4699444917377097,-0.4427357487975979,-0.09360865978589218,-0.3259539560546767,0.8828960223839412,-0.42737338221920307,0.33981256617849953,-0.1936799274248262,-0.7297236175677465,-0.5189045504314874,-0.5132489126976164,-0.3277475414757342,0.1843696603694957,-0.3886817526864816,-0.811598211989429,-0.16031922603591095,0.8275121858468124,-0.20227747503958768,0.1729293040197916,0.3555492135518064,0.29448474426961013,-0.5783786730687435,-0.39822258861170273,-0.295305338303175,-0.28330056964199307,-0.33790867738740077,0.03633697086648862,-0.07707008498068738,0.06800947022792761,-0.31710352608257436,-0.05274781039142288,0.0,0.414628128859183,-0.3382614240685921,-0.7415772207089264,0.01774052752331246,0.28999634325353313,-0.43481583249386185,0.8035162311457532,0.13017112137662085,1.1477842744365179,-0.05319116096752543,0.25522295054670524,0.06169353125760374,-0.1325762806314143,-0.07471412818181125,-0.40335284442759495,0.17563041659870623,-0.8228003762848333,-0.16915215477239853,0.29154878430348335,0.03589427614686056,0.0,-0.46903557245943606,0.1439106956796177,-0.37707079608925814,2.0102682619379837,-0.01564982829113438,0.39156644835536686,-0.1620492829216999,0.0740541214010281,-0.18228018195681298,0.0,-0.14748991550594323,0.0,0,888A
0.7746969799001081,-0.27379509869493845,1.0080512539120041,0.6736865950613424,-0.5507939228446567,0.13231278739706112,0.5883052285556808,-0.3146020919807212,-0.71379698201661,1.4629271350078172,1.431058504760686,1.4042611025183656,-0.26737167877738877,-1.3127935919294669,-0.24272102857568548,-0.16018586970587542,-0.1493167905202391,-0.4080847063567063,-0.45670649565001076,-0.41933229168611963,-0.20774014698120377,-0.367364507783135,1.7211860696570636,0.14425862176893092,1.1394821691281842,-0.5485143021922682,1.5377900749015319,-0.18860586708593666,0.5091884012218311,0.3012231838038586,0.2707194268377221,-0.4444840311223213,0.9024065111185254,0.6278175471127038,1.170862800478291,-0.14278525522125332,0.6361977452315281,-0.5523825516301483,0.7876536636064334,-0.3777507140508447,0.1521056697015787,-0.40807289380200246,1.777246981512095,0.5316271970626011,1.4694066028425063,1.294727175236684,0.7450729258902261,0.14285506254439795,-0.06531026915855163,0.9746715470261985,0.371070269574821,-0.7343630701479837,0.9563312782442069,0.6446882244331023,-0.32401551295706843,0.5252739496458751,-0.39100303649778395,1.3176607029809395,0.24858967101925658,0.3306222796016748,0.05572388696847076,-0.6379080463706572,-0.1690588076921406,-0.7172559092601584,0.18000046818601065,-0.845797238881403,-0.236690294953009,0.5540154754664687,-0.047187061332938464,0.19726667209996193,-0.36723284838214776,0.04964704267756018,0.11804234681138254,-0.08120316405829524,0.3641887721389094,-0.4019685918803512,0.48701498674621446,-0.650618663126506,-0.7825988629679493,1.5223949079915164,0.5861533655167787,0.8327590542087413,-0.30934061813359665,0.3829498723584496,-0.23777557326146415,0.49000394422820737,0,904H
-0.9056774885319043,0.184723795518836,-0.7658188613353067,-0.8145839698449624,0.7058293600848354,-0.17151499150575716,-0.5098392359484176,-1.644501245713977,-0.06970117065911474,-1.2855425421160187,0.45342995664621566,-0.20291682598788427,-0.32839044660874783,0.017746158791383235,0.6772121864967072,-0.0087189135115371,0.16039850995693936,-0.012606473450404757,-0.032188833720689286,0.019687305798422504,0.0238915566270303,-0.6066335090869315,0.15841760324948592,-0.29343247836649666,-0.07453298701803446,0.06272355071461817,0.03254562789502915,2.2204619191655586,0.1597118679774497,1.2697366476582799,0.1529639858409327,1.3714381911466431,0.20624479251025069,-0.3375456473926146,-0.3503654664618456,-1.2211854478592294,-0.19154954626640555,-0.9344662481668695,-0.45859804251624625,-0.3995077957751314,-0.2890703583056229,-1.5525915675731783,-0.7592658279470283,-0.049509811771625944,-0.7806150742621799,-0.9508365102283723,-0.5228350092486912,1.0825340499548093,-0.6150169520634797,0.4718827278032775,-0.4439644582261027,2.220256471386599,-0.022272339808627015,-0.4891585750345149,-0.3699927874028804,-0.9322807887179849,-0.6097441532423205,-0.9677873509187099,-1.0798490508679144,-0.19436645014603668,-1.2115313461879043,-0.16248393110600726,-0.28107270119478733,1.272477877790505,0.0238936375410084,0.28032049941153236,-0.4247603029085755,-0.9812495464019523,-0.3906395029681926,0.9761965672626429,-0.5661270908205225,0.9260685827335045,-0.09458741737536079,-0.9357261235951018,-0.9117911162560821,-0.999909458379584,-0.3142433215296468,0.5291591170252703,0.592212394204027,-0.19994747102323904,0.7045998502671427,-0.4257700473045352,0.9359422703416903,-0.3314775144516348,0.9155333844353184,-0.3352158797294163,0,942A
-0.7668535221955988,-0.13896639585737974,-0.5804517223805143,-0.7166306525129068,0.010110207018789395,-0.503473477055423,0.758243838673469,0.6235418119664815,1.937607518734001,1.4837869123462968,0.5428424839524946,0.8893334783295939,1.2543398416271145,-0.23235161914123675,0.8996702531699856,0.9950384936449171,0.638011644879983,0.0,0.0018948995482238268,-0.04514236330528831,-0.017680615067028366,0.06381332616056593,0.0,2.028681906688935,-0.46855798758818995,0.32463437448564714,-0.07501534971794699,1.447820123848781,-0.5126150443164013,-0.11281558447094751,-0.5538075373640783,-0.6253018935834825,-0.33945168751852783,1.3970458331866895,-0.1646198061059469,0.9540386926901187,-0.195952237583397,0.5739900537946546,-0.18949245324180986,-0.9338836374626184,-0.2542679078212084,-0.35940770424168567,0.08198286930430405,0.832509510113976,-0.07218702994898274,-0.9086909038758367,-0.22659592536726791,1.077557058376818,-0.16516214955407452,-1.14997217745818,-0.162750959007429,-1.3800677979679177,-0.29778666500057693,0.45080453567121664,-0.38822657767532254,-0.05208659863721318,-0.5421414317149983,-0.1213407440471412,-0.07422898923190388,-0.7132465819060165,-0.09447950071166972,0.09653089641700914,-0.4411852826323657,0.18712029434305313,-0.25633582527541465,1.3929936070841615,0.14716133667631168,1.0963306249570453,-0.4259710952751645,-0.43572686858482396,-0.6584880180128493,-0.8348447805052951,-0.6970166091589697,-0.24365249910512105,-0.6712341193804052,0.28078403567100013,-0.12096805533058902,0.43376118353101384,-0.41394501756693297,0.7264024658565431,-0.3662921975878592,0.282177904874974,0.7745148823153374,-0.75158641943725,0.8081873455108365,-0.6879174283128523,1,545616858-3A749CBC-3FEB-4D35-820E-E45C3E5B9B6A.wav
-0.9881871793553102,0.7441127651652479,-0.8352317429471778,-0.7924417171418696,1.9165147155133402,-0.23457113940331223,1.1712363624991908,-0.03639912718433814,0.5400914830814545,1.0648433764666043,1.3695430906031152,1.4608662615586518,0.6598556559970121,-0.12149513836774636,0.12301015604993362,0.06656083606328903,0.2615231889209556,0.886274871117489,0.881102028947007,1.078696336390589,1.100617470077567,0.16347508820283294,-0.07840828500746266,0.2342200423118382,-0.3378271946947072,0.6052754288241228,-0.46450067222406216,-0.2656745438923508,-0.6832223622828361,0.6561067104922021,0.18935952662870964,-0.7980391409621558,-0.26063200236620965,0.6513387932273614,-0.6041951490860216,-0.12483289471348176,-0.3518773162801761,-0.6743146827174757,-0.1940833497237106,0.582949024507748,-0.013054711392667425,0.18180311722695333,0.8025776028746805,1.480621146776158,-0.224954326179933,0.6307573615651407,0.6085579202505635,0.5379397698833277,0.057014150276105985,-0.10143988510643533,-0.47568282752296565,-0.4973924889616489,-0.3338961157367543,0.45825364805666674,0.46258515667376,0.0,-0.007908937344783954,-0.007389056277924015,0.15207467746401412,0.9365313585598668,0.10389426255974919,-0.27366675072312435,0.23340619038501872,0.6046465334048078,-0.24787173582937513,0.3152867574809359,0.12824563057210497,-0.5791713924238682,0.0,0.46227111537186727,0.0,-0.14574170208522932,-0.37270392844334554,-0.7019251390445111,-0.3974938706381956,-0.7625523672821756,-0.3300486561231255,0.21940365974083603,-0.5239094589617381,1.5521391610538924,-0.08306129759689765,-0.055213193327769326,0.5648232592561059,0.48871286006281156,0.4764118834526566,0.4847981341319019,1,545622717-461DFFFE-54AF-42AF-BA78-528BD505D624.wav
0.734639104930502,0.9408861737036927,0.7282000301346474,0.7057528344239562,0.5692510715851116,-0.19799531645741913,0.5748816178150704,0.0,-0.19778076954144214,0.0,-0.7358770100296853,-1.2932249526077484,0.7290200023344081,-5.646224095538138,-0.18406806900746858,-0.29122724636177444,-0.17365081141371005,0.2522874932177332,0.08374915419946842,-0.01199857005839693,-0.29880388168101607,-1.713645722255679,2.8443994282974314,0.2774410910465521,3.461199647679122,-1.592898313474625,1.6976222203665319,0.8432523630138575,2.0756692661709275,-0.0037371764787287637,1.9875481356072906,-1.4366032122067913,1.9887005046844681,-1.581152111752935,1.5574442941165043,-1.5767477693178087,1.0156752382926477,0.2213331110233742,0.9581466361938857,-0.5035953637658299,1.5311918245197043,1.0948450976554756,1.487535219866351,-0.509878961502883,1.8941572138975415,-0.22568628374290914,2.0751844367300074,0.5773234223225774,0.7394267355132833,-0.5668867946332714,0.8581505105243304,1.9938496557855196,0.5443414312843555,0.2791935602923136,0.39257862339224864,1.036913348417131,0.8553328300977949,0.8015879256936969,1.244032139597699,1.611117046469067,1.1961414458571236,-1.0400457694827057,0.8549229108943833,1.103679899775164,0.09433533191756927,-1.1106478091970808,1.7356722740751094,-0.7018339200968117,1.455812698285792,-0.3216280439335061,0.9358823362409429,-1.7294894188530363,1.3681557042820487,0.627029233285147,0.22235111357578852,0.12851551935421637,-0.1852849822875298,0.2388800905953236,1.1729120840833134,-0.4266799835706072,-0.19749837966859604,-0.002267567667167506,-2.5618506755804518,0.94207955335547,-2.854060362821409,0.8707001028209553,1,545622718-C052AD58-5E6B-4ADC-855C-F76B66BAFA6E.wav
0.8290152907329996,18.537769551215373,-0.3199092600721776,1.9158388057089455,16.222424299352504,-0.5545309862797244,1.6794903810787856,-0.02191209279685543,0.6499411842839758,-0.2297909489309095,0.057221365051046955,0.2910786572591472,0.4090165108928235,-1.656676557990486,1.387657403958705,1.160042509337573,1.4127713998712237,0.19764944676651575,0.07418785794162248,0.26420942431734673,0.7361635209697291,-1.7676714884442617,1.379905635937492,2.0916651859348137,1.9621318709461688,-1.4334734049955133,0.621711125099262,1.1752192792453657,0.7374838293855237,0.6955746803039524,2.2776570354972043,-0.07645811513500471,1.966449185570079,-1.3069503685890376,2.7876473497412193,2.05605214750054,1.6771685378480372,0.009302338680943023,3.0408106926283534,0.7834075380569074,2.67304297572531,0.6151827849684071,1.900797983986578,-0.1958640312867303,1.0591692359191454,-0.09002636214749841,0.8931776273402138,-0.7109391695198852,1.8240747461226487,-0.046785457742749656,2.746811700029214,-1.4744251477427257,2.014587811722957,-0.7961776260139241,0.9187126524833362,0.7886870219295957,1.4242727825895483,-0.5324843003233095,2.258726548190339,0.23535576167464756,1.278560617169986,-0.8652549524828222,1.6068415585649556,0.6686627299802697,1.8552129868344716,-1.1029551996355027,1.3552898627613725,0.17446180328701252,1.2889973544030067,-0.5185154645350926,0.5551450371153328,-1.268145572199914,0.6382093998856749,-0.11440907746828942,3.457563195559986,-0.42101464626594465,0.6951801448436365,1.1533001979957447,2.044204616295919,0.5717675944581626,-0.6743894110149494,-0.37831672156792706,0.1504610757154362,1.606287722233678,0.04680893365974047,1.3610522004706225,1,545622719-52C23861-6E0D-41E0-A3D8-9358C28C019B.wav
-0.27090786571873154,-0.21005842070194858,-0.06475030079451301,-0.2684267924263393,-0.2941706399151646,-1.6480462909882265,1.1100984325089756,0.14189963695063157,1.275251088316599,1.3339109495158197,1.1621487005758573,1.3460077844568599,0.06749985566237347,0.2289725895304936,-0.19241658832364153,-0.23440021023396634,-0.04359146166357603,-0.23955836335598335,-0.44335013356991343,-0.21966808860087944,0.22866320096896045,-0.6549225188710656,0.5572642512024021,1.7932859039368523,0.10065840934457157,-0.888640216632714,0.9130318827029964,1.7042280689182336,0.031735631566143736,0.9624764755792258,1.9682482128979613,-0.6356214954921326,0.29196538939434336,1.7568658137138202,1.119906776693909,1.3687132205740327,-0.030972257926836194,0.743420627048133,2.9663739865155803,1.7588596797802376,0.6571943543142733,0.5254658673329838,1.076823462969436,0.11619188863764936,0.608184213185458,0.6860828583426858,2.3025736333933775,-0.7772149290155059,0.8158441223418008,-0.12715605856583637,1.1532228777613547,0.7432411579095202,0.17826789305269244,-0.35676563958817936,1.3633462729599468,-0.18709521558612635,-0.12908818270809694,0.01583313618075684,4.0050474241341005,-1.643292925614192,0.5452005488858134,-0.7418174907358756,0.21497536197607875,0.3634401736058096,0.2650635911055723,0.1694559135756868,0.6839898162636745,-0.14335131157594014,0.6906903400555031,0.7798851570635513,1.3343144660397848,-1.402633224687758,0.3316878181407898,-0.40522611897602984,8.584778336973347,0.6523435034306232,2.687140967704452,-0.48612179515383674,-0.16643985849345835,2.5620053818293735,-0.8590810779518948,0.6192215566468043,-0.17100618971852044,-0.42547555147413113,-0.29383186544962,-0.3849869305752119,1,545622720-E1486AF6-8C95-47EB-829B-4D62698C987A.wav
-0.10719371374664804,0.10887161612877436,0.04315697638091357,-0.09133375835537798,0.06117157913427989,-0.008537635967936432,-0.5322989396333175,0.3919588663577664,-1.064262267357678,0.5394763605335513,-0.09576319691843235,0.23466658564326373,-1.1380255554534333,0.22344759619693372,-0.3542954185635789,-0.709241052139701,-0.6137856480228419,-0.5671294697286166,-0.7332308954971843,-0.6519776394799444,-0.26893892061110025,1.728408162767071,0.6542993663722021,-1.202282268282024,0.0,-0.2354045546148172,-0.5872083187126672,-0.2327572518343052,-0.6092303282321516,-0.6135968636205332,0.6035829852275951,0.8494639722822982,-0.15221118963807911,0.33043654770742004,1.0990152225649086,-0.683206833330339,0.11579370703897297,-0.3086233196105947,0.21018430679511593,-0.2761792360186271,0.5391443676689615,-0.9127256539061502,0.05814445240999538,0.19278445997146007,0.9582265810445639,0.004235135605830316,1.2157063871876415,1.1137042681313336,-0.07138153530578273,-0.07705108553111377,1.7211424491771394,0.8718372720177958,1.0384282200620047,-0.8817166213269275,1.0440993587400829,-0.6868059586819191,1.68805465069253,-1.1810586645666983,0.2800348720224424,0.24350420093230868,-0.05422630805123411,0.46149104852481565,0.5431577937078162,0.20468728020577145,2.0760031646320147,0.20751495600850206,0.5781862619851214,0.0812261852298754,1.4610666287281697,0.6779658549979223,0.08025565426349886,0.3026996819123259,0.43296415232677327,0.6089427668909319,-0.19232873096315647,0.707221965219621,0.8471944718901,0.23999020181520975,0.226735910428309,-0.0658965059508219,3.918071648354779,6.3994249619285855,0.5607397711904998,-0.2451499916903269,0.8424877535725155,-0.26076697858729414,1,545622722-3C79DA68-36BB-43A2-B29C-61AEF480E07E.wav
0.11846070861174372,-0.0482283408860397,0.29087045174164233,0.08808818424279606,-0.2028369488909617,0.4595561818388261,-0.23215816832356334,-0.4784857849505037,-0.5073036756691227,1.047865349043833,1.5455932870064735,1.0037983897334526,0.6214284341206476,0.14845035352877195,0.1486503632256086,0.13492174121988848,0.18701713983479046,0.08826862136084158,0.05234755448855479,0.2652722661989732,0.4512176325134721,0.5070972268342855,-0.421011853618658,0.7165117483153002,-0.13837871710340025,-0.355425713424114,-0.2438685478455574,-0.004944138985863279,0.07826055676433351,0.7119105710718268,0.2008092529493087,-0.8274055257860282,0.9067060688176432,-0.5218802780569282,-0.059681411221004656,0.25421553854616413,0.6500251341795963,-1.42898764897801,-0.33676611309309845,-0.914835011661021,-0.275088754314318,-1.2398582452738236,-0.3958673495022108,-1.3787995576653054,-0.15279402207195752,-0.45723847481830115,-0.40192244504783187,-0.5198011353950887,-0.829911578733973,1.2087069845716518,0.06298171595705573,-1.1313385609162774,-0.4053385711882098,0.8777455514528806,-0.34680266418501804,-0.5457785751680401,-0.20183662877312875,-0.7760954775679896,-0.3721695574814517,-0.25866519034445146,-0.5129066852661811,-0.9876563225072613,-0.046982153546011804,-0.9599895131290836,0.2397309022258605,-1.3117357338775684,-0.5549155788485983,-0.8073214844147567,-0.3166116181804385,-0.7191235622292587,-0.1860552549609134,-0.35322123971157604,-0.48989592389572806,-0.1274506120058776,0.2898218718870239,-0.8784427660012939,0.6492552312035779,-0.11058003198662054,0.010014996119318085,-0.16901103662210773,3.5273829031412203,-0.08684262741451311,0.5892872208527312,0.16848284521569715,0.8576356115429101,0.24521180664217698,1,545629296-C2C009C6-8C17-42EA-B6BE-362942FC4692.wav
-0.30848351829548065,-0.09226626252260915,-0.1154135811509565,-0.29610963513493255,-0.12251426844331362,-0.5812204381260766,-0.09686240265695172,-1.1480996554263747,0.1728283693843478,-0.8133643913722437,0.006625301415712085,-1.181553805667705,0.2095992442932678,0.06158249528253972,-0.00618784115123599,-0.03346862534684256,-0.02446888139278138,0.4768278981546171,0.474463035332051,0.5805209757824279,0.6772948773284891,-0.6751538607471066,0.5606055668613076,1.2094509430012417,-0.39575574289996324,0.7179526783735669,0.09075552390239824,1.087942984476379,-0.5464131522856175,0.959800832140499,-0.27272387940190956,-0.3020793207066452,-0.1912049038632468,-0.5694094323211842,0.882092348081015,0.7613910616607047,0.19724022644224104,-0.042456320835945895,-0.14361978386809024,-0.09225090166444995,0.22773443093425508,-0.07883737101170335,-0.33355909250930826,0.037739879171452606,0.0,-0.6446284754137573,-0.3914420797494365,0.05322448454600696,-0.08901976470779557,0.44825810316750947,0.6046057108184025,-0.7682162395968076,-0.4221430594299748,0.037038662740718736,-0.307508020009399,0.20737581527449725,-0.06092519097975873,-0.7915487188473467,0.0,-0.046007713263932076,-0.04269962915702063,-0.352287897643752,0.03840387460453787,-0.09114505080887872,-0.24866792955300016,-0.11113578529636083,0.10893193847037919,0.5731111406043885,-0.01628009422166678,0.018850715557356068,-0.12821480298475363,-0.08782170752616239,-0.1317850243268318,-0.8891412679594292,-1.0124261706578064,-0.8455156889278953,-0.39208514924978694,-0.12140746171307747,-0.575867467684009,0.48325816511704267,-0.2949095895167941,-0.45418783211967473,0.16367703349310356,0.2849284414452807,0.026482012656246008,0.3771585877546834,1,545643618-82A143AC-B643-4273-A923-C42A83AEEC5F.wav
-0.5375222966035642,0.020433288328726207,-0.45647056518255275,-0.5272538772337629,0.14388331029981405,-0.1890672232949097,-0.3689939763992323,-0.17079500542252113,0.7642789752388963,-0.6610202564975487,-0.4745306487865915,0.32925627098846855,-0.28295927221872264,0.08802294543700163,-0.16758750809658274,-0.2657971063484048,-0.1072430034927471,0.386362794759008,0.286462886985968,0.4072170909144216,0.6257744377508486,0.08120756963239806,-0.04960653526235517,-0.3117341651002171,0.1531626448358678,0.26958980349055695,-0.07259281651188747,0.7555037436775908,0.164063102605102,0.6648424754081179,-0.330745358801788,0.565004410512584,0.06620377701655217,-0.4852204413108084,-0.2450045548047223,-0.8500495549640872,0.769525234862909,-0.11270225580232901,1.094818192764729,-0.9066611676890907,1.098567241350297,-0.06431258157593897,0.21959357818304903,-0.49004459123911925,0.23157634899972518,-0.6018751316695284,0.24913082776692794,-0.815131766273033,0.13497645433007752,-1.0884599109564514,-0.12396408394037665,-0.8486337148469083,0.05603885412933862,-0.8415186084044944,0.4115141086998424,-0.702800943934546,0.14881415534655051,0.12460664897939147,0.057218878784925674,-0.12506569189426645,0.890084382314694,0.6541889940361652,1.1518019433817883,-0.8196256642618155,0.706364198043182,0.300165095200527,-0.1229613822199251,-0.46349527179912425,0.45396487058664164,0.3770660874082949,0.4402996483860955,0.2593805208920682,0.4368459115572682,-0.5865581844877789,-0.7944332186087119,-0.5580235978201677,-0.36864533868869537,0.041247618799926486,0.47793188894666966,0.06866104741331848,0.353280517496628,-0.3341533221452802,0.8314314829817917,-0.4490777756669319,0.7390973138562669,-0.42807187089685,1,545648867-CB17D873-1CEA-492A-B5B0-93C7463F516C.wav
1.3545810598102161,0.44310850593801954,1.5228048168315298,1.450480930702446,-0.08968695885425769,0.41186944661259056,-0.05041351846909294,-0.5208274870470734,-0.11587105230661672,0.36336471655011815,-0.6021934692727734,-0.5511626895784892,-0.9802813219283844,0.0598536953413357,-0.47115555500367534,-0.43654498563636546,-0.43755937876506174,0.04536951398244009,0.15111358417790882,0.0,-0.022756299283870504,1.770295855291772,-0.8437459860073921,0.12017724739520315,-1.1044815675218156,-1.2020276238248166,-0.5593183958754951,0.1474019648183408,-0.6408978476943586,-1.688135630261212,-0.8860325124996828,-0.3898267461265026,-0.7638648347859152,1.3547687185391561,-0.49123739053155285,-0.3673105980474144,-0.23791700405825045,0.21659869633000844,-0.025547140537517696,0.14819166066406958,-0.44653181808384035,-1.6517865405479857,0.08857768739104126,0.8488465601898,0.05074342020724958,-0.7745452348641678,-0.40905933089550156,0.27101504296542744,-0.37926306428934464,-1.5974684646292237,-0.15654801239863478,-0.0865569012906099,-0.16904502635752003,0.1261014899707401,-0.9566447056970618,0.11014931354921259,-0.7831410735337428,0.37571468107101563,-0.10491754232894959,0.41005715022176753,-0.5108280746995886,-1.3528167314989326,-0.5234161692850553,-0.04957987722669593,-0.2353320155810837,-1.329788802167271,-0.5525794035278698,-0.3477927480096602,-0.11043650026229722,-1.4036854313490537,0.19817547623181966,0.233710960751555,0.9276309063654565,1.8810324299194165,-0.3024176911939888,2.803256391078213,-0.09031879164083673,-0.029530504920549722,-0.41310132736898325,0.07386753301273521,3.7634017181155532,14.769654017279198,-0.18120437096762831,0.4019018094985456,0.3974699787341514,0.35734619994146727,1,545692309-EA8C4DC0-9B2A-4CC7-A490-851A2129A733.wav
-0.30235752594702103,-0.1382984319838739,-0.12358440969684847,-0.3172018037104893,-0.1874507930951977,1.1598865979253274,-0.7890290750044742,1.0635120936417084,-1.0017864823334632,-0.4837897284259877,-0.6048883847985929,0.4985959924484534,-1.040179932248474,0.25927300240718226,-0.5132842697546158,-0.5439321396755966,-0.5552133151598174,-0.3762289475270509,-0.3722189266093457,-0.5034427030260797,-0.3913112967584128,-0.5723813544017956,0.42926159159582017,-0.722120243502381,-0.007881401281118647,-1.5019671406983144,0.25473156203152436,-0.412592379388356,-0.16718850297580282,-0.5988610287301805,-0.4023920083452923,0.3337448709618981,-0.8411330186449648,-1.0412048041877013,-0.6911979124015933,-0.16965775679937084,-0.7649514852503827,-1.0388984650493953,-0.5835368293834637,-0.04623361347657571,-0.9272187538428619,-0.6108729311682064,-0.9796965233567656,-0.5083947520880595,-0.7859285245268977,0.5474152952929399,-0.5652445656432169,-0.13186927510860272,-0.7112562995527215,0.11009457135426218,-0.3988725930525575,0.24842232779462156,-0.6230246706566681,-0.6561937887960309,-0.7777570753818251,-0.3617238562171147,-0.7999290748370854,-0.08560614554159916,-1.0917731320282575,0.5843705774549326,-0.9590194275728157,0.5880176190210016,-0.30274548767587595,0.5777930071361528,-0.6563676254184644,-0.7690988730029538,-0.7855720706202581,-0.49594638638591276,-0.4199156623394875,-1.1142027749006769,-0.3741186318743106,-0.5001851885479144,-0.44331887190896263,1.0674507404994378,-1.1392931023252528,0.7030253769651684,0.47226272079953635,-0.5200567642962888,-0.6049408829807872,-0.5933206596401481,-0.20441919895222782,0.16035929648662142,-0.0678091640614659,0.38326855688894484,-0.1771630541719993,0.49037336990903724,1,545692315-C2972597-9AEC-4060-A186-F1F59340640C.wav
0.399119272721138,18.94741051012701,0.302804326473084,4.188275428441043,19.228407431083557,-0.7140873902202327,1.9272309959813454,0.48619559268584117,0.7968605650523877,0.5055827392180453,0.7309224722716771,0.4330104434994588,0.7989976794576202,-1.5969232109372913,2.03936038067773,2.0036008691974145,1.6192667160792826,0.6475784430207991,0.6959336049527479,0.6950775096921155,0.43572181551413625,0.0,1.7301370855087352,0.31605049582489575,3.460612173462428,-0.29521897723911417,3.862438984292427,1.0478357527928248,3.059642586921056,-0.022818905275153102,1.9685512056658236,-0.10251592130424417,1.901873702108654,0.03406303597021984,1.6393784020752924,-1.0825853415585576,1.7693202041682938,0.254451764162365,1.0055783841489376,0.01406875850123249,2.362696819992169,0.6285801064736887,2.664016887213204,3.224034571070389,0.70167489289166,0.5645985001002494,2.1221242603667987,2.0144651309101937,1.2128154157385678,0.021736754802394273,0.4960231426332491,0.49115955398573635,0.7806722086941504,-0.12633833843809805,0.7811240482574926,1.2480215527800091,0.47401669746003766,0.0,2.3210987627183877,1.605773526908176,1.4440421032794322,-0.2904720421037393,1.0702778529196773,1.3191698633202102,0.6685543198663191,0.19922441332995025,0.7149855609442691,0.7794590484741558,0.3839132139141289,0.7380448516522853,1.0249567538539708,0.7867066661088075,1.7235429569072027,0.3311925512340263,8.57885836444424,0.4131653545122696,2.4144814067977824,1.6920003613619725,2.0754894978516045,1.9201915543492623,0.0076083417612076406,0.7121873274820226,0.3052415128244457,0.5008072569813564,0.26802984968991717,0.38957441535502874,1,545713221-1E77C030-4558-4A88-B1A2-6AB777ACAE61.wav
0.07413180745106024,0.9455755250881748,0.18607727336092877,0.11279878685391116,0.9611642102461644,-1.9351172879053948,2.0597054180260224,-0.679930196389736,0.9930135031123724,0.38159739555090577,1.0286634185761785,0.2893194370533365,0.47760764316815146,-0.12666393844802257,1.4985529132682958,1.3723680418457584,2.045872918528692,0.7355966727418826,0.7707926324429623,0.900905914666455,0.8650617089326568,-1.522112873906195,0.3555786258555261,-1.2158482848873435,0.42839143515352285,-0.43598793396798924,0.5231557099771049,-1.4218357935505237,0.2602844405573209,1.1602317673417688,-0.42871726150891565,0.5062942573154653,0.05822521834742054,0.30820079021148483,0.0,0.7147910963369978,-0.08388978323183643,0.273790978632797,0.09384080098445209,0.831701575113715,0.2459008811665296,0.2836471160382153,-0.10621342430809658,-0.75560767222184,0.42353078508879594,0.1904470830863703,-0.050351552744618916,-0.3979166187344898,0.7354643255028862,1.3233550391683249,0.06546267910189481,0.3876349937134956,0.21844577152732794,0.6533996849990829,0.7588965490605755,-0.7382745352826658,-0.027072783165426776,0.6057821267770082,1.0536942106254938,-0.44580578140555943,0.0,0.8166804522763467,0.43243556660005483,-0.47629619594830686,0.31577627900625943,0.017133520885076827,0.9206092856185115,-1.0907597133632518,1.1253750067769663,-0.4129854724987837,0.43122049547342517,-0.5636556779921075,0.34461473912538315,-1.0670565744659388,-0.5348431773041481,-0.8845762411424173,-0.06720735726265394,0.25320889609512653,0.3967209012368129,0.4926327855536207,-0.6985990226194714,-0.4572554914108759,-0.5686454671337189,0.9100634041910032,-0.6734867562914192,0.8998713294524873,1,545713222-DA13DC3A-F24B-454E-984F-19DF19328D39.wav
0.2713839061804287,0.4242909908496907,0.4277736271261622,0.27623464317850904,0.26542969233110725,0.15109570168090944,0.5961366399573037,0.16568125875664128,0.04959717351267463,0.044027437611983314,-0.25792000459780323,-0.3461675541031653,1.474691421849902,-3.9008776773969167,-0.3724969135972698,-0.423725612631265,-0.4601827905260719,-0.44396805814951773,-0.6458002055066033,-0.6234478208544657,-0.4639955087586903,-1.8906400314886174,3.077921066734227,-0.3335517207116406,2.6785418975440916,-1.1904695265028051,3.255398587398954,-0.21172668830299302,1.8510145338865727,0.19755830272297653,2.620847560995996,0.14262322606571168,1.56959434594043,-0.9723879949336486,0.9244561377566781,-0.08639179774533061,1.2053219508126451,0.18852124749553764,0.8294392482031729,-0.5314135143697292,1.7260573851003425,0.5264102475013498,-0.28662211436126034,-1.2754385139000481,0.11044615210788178,0.09017626489999801,0.519423287775476,-2.0144850177888145,1.1760205838761988,0.09722153765495856,0.7578915215736717,-1.7253447203529075,1.0742905658903878,0.3896987139102825,0.2556931984941929,0.602325571602234,0.05263626680497742,0.9913022747422269,0.2831456840503543,2.462303592341479,0.7372173350626188,-0.7228777766777954,0.6656408410274759,0.8035395858222186,0.6887431062794866,0.14593150215128206,0.33941908235753987,0.46701422698850115,0.3441234518055966,0.8890619968100839,0.1310829165959454,0.30810588775705405,0.013378347760323631,0.5119806558376605,2.7730924378515294,0.8785949308355442,2.221914988642824,0.0,0.5582073426753238,-0.43301864658339784,-0.4989194351817044,-0.00011319509174500016,-2.8060139195817726,0.485391946844515,-3.283274061992681,0.49354233568694983,1,545713223-E6D59EE5-4C3F-4B40-AE8F-0657EF94DB66.wav
-1.0230048989768183,-0.019665317259644866,-0.8696992720926023,-0.9691712653703858,0.4194710505827835,-0.4015295514398874,-0.6560698128283878,0.9962143755915059,-0.4599085169185455,0.9621596342921261,0.6864141686177,0.14424068653249025,-0.6371547198818314,-2.206002186601452,0.556134512781281,0.10097265019993244,0.7766118380811534,0.7563234681205863,0.8697002048494749,0.9456188404315176,0.6885637134809393,-0.27936448989370316,2.1839102506794044,-1.0309400683736547,1.311053279676259,-0.5915647996489793,1.3468300289897188,-0.09818942425066221,0.42382730702156113,0.2038441348428383,1.2129305324620339,0.8334190701566121,0.47767335273071265,0.42795894625263825,0.9174908113631707,-0.4981383301122942,1.1000762021439983,0.4857873289969667,0.7372421018904626,0.7322004728213306,0.15361522922296447,-1.0438366599668618,0.4873263133008508,0.991832676026125,0.5572240577386226,-0.38956836086086166,1.408822979302085,-1.387507282884505,0.540475191962893,-0.602701096591513,0.06299685666292977,-0.19013012824142625,-0.1739723450153834,-1.759474109490468,0.8662779185563426,0.47711368816846406,0.7803214773823319,-0.4876345235037192,0.3790211015155572,-0.05375586771184733,0.5263345390470378,0.4363687415890089,0.31224320358685964,0.0,-0.09249535034023149,0.9176365430493352,0.21410473799009497,0.9833156015720826,0.1076459275637659,1.28173405457145,0.3800031760903891,0.8230142409245874,0.03271309846761661,-0.006304414751527543,0.45048641092826053,0.3069241351171221,0.8708328786219837,0.8226141509318313,0.4760905410382619,-0.273597534143457,0.0019506285234251876,0.8409725351543099,-0.19300021720162372,-0.6820298730197338,-0.4119089874382364,-0.6270693808821924,1,545713224-1B3708B0-8792-4FEE-B03B-C7CB9CB03D58.wav
-0.6103491536342049,0.09411631841304037,-0.46690233858529157,-0.5892167812489801,0.30268049889397114,-1.9802121398518102,1.3264933859381394,-0.30644377884357393,-0.41834524758069186,-0.6161816006593565,0.3231434689874953,0.9553264154952987,-0.6245096674843721,-0.25173763816040234,0.7036885229640051,0.622878554502302,0.7309680710933588,1.0661502517579224,1.1914540419105586,1.3225820543259525,1.0779822194212643,0.4276186455982044,-0.44210018238507715,0.3564974981392103,-0.22032445271894033,0.44861762289074614,-0.021673478654221933,0.05845274345079723,-0.0552164416084095,0.2406208701503942,-0.25374253358293025,-0.01936140116927387,0.044208759200402487,0.7164722611733457,-0.357499239646396,0.7268135582004339,-0.13347334167507,-0.3353082082927358,-0.3317977416589146,-0.09335311752636835,-0.038960336452933064,0.6908374070609478,-0.27955241740152004,-0.40945651404754424,-0.0014048231820111274,1.6052138342992386,0.7733436076361295,-0.3936894252492348,0.8796219506563481,0.5933736714398549,0.0,-0.1524188667489799,0.07176683831440858,-0.12199679923665312,0.5125034502007737,0.5668880298461157,0.6618125364669273,-0.09134023911877058,-0.4544136687229252,-0.3190119946685391,-0.26714522839884425,0.4069690427601549,-0.15519510073814907,-1.1449127387521443,-0.1639136678102027,-0.135267936839866,-0.12365724884996498,-0.4971633149873737,0.09816050474692796,0.1484838844748479,-0.03106626474992537,0.016130718264234588,0.2194111218205093,-0.5564073376724364,-0.03545063810584489,-0.39454385881478116,0.03983897537051425,0.8164111364674221,-0.3474447668530676,2.4745292367602976,-0.21859606162181225,0.2895302233382946,0.8607493658520556,0.005518207609260132,0.8883740705860695,0.02573460051681056,1,545743929-E2EAE1A3-7E46-4DCF-8DB7-37A5CA47DB9D.wav
0.5872235263428427,0.16025712832100725,0.7660861323850987,0.5638701223677477,-0.11080420268727785,0.5453542458851182,0.038457452078853115,0.29436203710186004,0.3068572228849966,-0.09225436098777609,-0.22839059365820627,-1.0671414982604004,-0.14149110514685886,0.151332543925239,-0.26150390751294267,-0.2636462915622879,-0.18547893517573572,0.11136460957809798,0.101468697744751,0.12666514552566602,0.28784417069376406,-0.024030135252905097,0.010125812860764862,0.0,0.06860865489294757,-0.7392511545589652,0.25041467839458875,-0.5055849054068593,0.5361106654461191,-0.8784917526954623,0.5118877764418989,-0.3473773527991437,0.5053948173999411,-0.8646283874616216,0.42530592720595234,0.1486430952189549,0.4647301857962855,0.062373496745318106,0.3762665537654342,0.09983616725202979,1.364608281993688,-0.13429239845859606,1.0700452202489665,-0.010480834810304452,1.2914571281016916,0.08257097747548288,0.14568274286897537,-1.0127857164854084,0.6763030664743512,-0.4481883702677382,0.12248816920428503,0.12729270845567697,0.8033268979355179,-0.5571555764672093,0.20764181575286816,0.30212238742353004,0.5734838735093027,0.2766227604715487,0.5455863312770748,-1.3002392721096525,0.6386042284161881,-0.3073344263946261,0.8697094982251949,0.011276509898132399,1.145669449357319,-0.4240974801498645,0.05630553487939072,0.7063928075294102,0.21392972664278592,0.08508127520513613,0.41969531447129643,0.5958794352409962,0.35180242675196155,0.746990236815204,1.2615800248467344,0.3156479996310688,0.7988719087452238,0.15325074250943216,0.04728898904428652,-0.4278127996869713,0.30695925652224315,0.6598077091151752,0.6747209433489356,-0.17495729020358486,0.5856193020830022,-0.17359207185763537,1,545753013-FCFF8F46-08FF-4C87-B443-D2039E5DA945.wav
0.3064469865448515,0.25679689123646804,0.4528626186243032,0.28689543902078113,0.07277931214285886,-0.5080911965496676,0.8259215720959835,0.21647497702457943,0.36656620749492974,0.5563620928599481,-0.2198925484285583,-1.0218131986124972,0.24700580346800596,0.13174391643650224,-0.10374907498688377,-0.10481255546137996,-0.0543560207784715,-0.22311470299340228,-0.2795253002716451,-0.25929972203526475,-0.1149614528261845,-0.4488665932964365,-0.168744960075552,-0.41909285643411515,-0.16681504896493674,0.2692612388469224,1.1239583605999224,-0.059756299540953565,0.7846804520415659,-0.8792139129545098,0.7688140626351405,0.24064220689055452,0.7468355271317655,0.29768745214580705,0.34468670911618743,0.08150428436814135,0.3490501792801015,1.0765054014778916,1.042423789089556,0.6946893086057856,0.08910977244085312,-0.054478802098093894,1.7808820019449116,-0.2465026230029606,1.3837566904457907,0.0,0.0,-0.9924845471426588,0.5252537008429868,0.7551766338659841,0.22055638761633237,0.3986496692195552,0.8432062942005614,0.5165178271471584,1.1024702589051354,0.9232338039892716,0.16879093240220178,0.5589440533545147,0.1164516143247014,0.5378037027611509,0.9300869952514798,-0.3644371417527279,1.2282379426361352,-0.6905708923656583,0.9036465957385618,-0.8400647226288762,0.23315583222200967,-0.3216057028005761,0.6591169540808933,0.8091967919975613,1.027681088195306,0.39142123112241844,0.3780561512424696,0.3673818003661143,3.9542611897020423,0.5890718651327208,0.9493712021887177,0.09078037448194462,0.2001876084954563,0.009689154795526766,-0.5474215168679342,0.011617321051154934,-0.1437999524995168,0.08403801525061626,-0.10103271504534543,0.04932593627017138,1,545753014-C68926CC-AB91-49AF-90A6-BB5C434283DB.wav
0.27828407149238654,-0.05132050618107909,0.4735650615647474,0.249811390347739,-0.24742462518378786,0.15487053806470474,0.2458483418799735,0.7057345412338739,1.2057287064596938,0.8941947746358726,0.6252168173433647,0.776195777471067,0.3487744867496964,-0.04405544430142433,0.0198796327251258,0.07983388910688281,-0.04383705005510025,0.6237710524729491,0.6952123014524478,0.6013681250936672,0.7875080181962526,0.2685930742551071,0.4201904583024193,0.949646922918678,0.53144201241181,-0.8408298119025062,-0.078158385379515,0.29637328024301324,-0.2221621663355924,-0.2351089813356974,-0.1838696793586859,0.07662645409473107,0.4860903572932791,0.8625568179523411,2.254303119105191,1.8409378228000517,0.38648329159849987,-0.21649947752761828,0.6309502878108376,0.6494347674323017,0.5596608119465021,0.36192858417463863,1.1421438047046883,0.46837553026680157,0.34110183008993306,-0.5882688997570125,0.04340027487061171,-0.05124380196654855,0.44845951411619,-0.6929877511841012,1.5123260579246167,-0.5308528217914076,0.660382337608668,0.6032671794860666,1.6074861802344513,0.20829047953871715,0.9859707106855867,-0.4500171377120861,3.8515402152651275,-0.7633036854163879,2.6141356750496585,1.8649038770015294,1.0512459861962047,0.5771979367517528,0.916799725677672,0.4067053467757627,1.8415061142304696,0.6756832656843316,1.1872252811319373,-0.7669711945139118,1.3939008435779254,0.15495153714163112,1.7084115666738302,0.7707154633372519,0.42498612048124107,1.4416249097488527,1.293694664913489,0.30120302834730406,-0.23792406346336117,0.12296536389367628,-0.22070349190932317,1.7699075282983237,0.43135453286628117,-0.3004309673703632,0.40067178586116614,-0.2592478401530473,1,545753015-58CAA743-BA9A-47E0-B9EF-CC35E9EFB839.wav
0.10296807456767927,32.82177399011698,-0.6134763476781223,4.921679309144688,37.46106249326226,0.7948280128516683,0.46835340541625603,0.6661951027720537,-0.03118948989217037,-0.4605236394664487,0.028748919174541348,-0.38709413430361556,-0.5240284872203316,-0.9893730911088974,1.9032503740518836,1.7432641864031027,1.9929740547962789,0.21861264501013766,0.3331436588335106,0.2606216770552673,0.19735747979625115,0.0532060241516494,1.8192372607525706,2.488395519539229,2.3666254255351333,-0.17550283371011657,3.383847209309961,5.242225484825817,2.821764604832319,-0.441444643976176,0.23598420672657755,-1.0887034902890336,0.3233601721547159,-1.1054779366640735,0.5681590591609197,-0.760362520681094,1.0733251597878892,-0.4665303790679075,0.7132241670718392,-1.9128894085089905,1.7535556512785395,0.0,1.7730524386398796,-1.0266574162198296,0.18133814314688187,-0.008721683822049056,0.6497408344688922,0.6503347412652402,0.3427423736371857,0.18810010923267179,0.8025763509804417,-0.02462469012582902,0.40453471682364106,-0.1922006610904611,0.2104894516412944,0.9531621768713554,0.09472773612605125,-0.9142613210567749,0.24541032098748952,-0.34755626811442375,0.326391693068016,0.5443821627387155,1.3603872057749855,0.3213557867173933,0.18490039120953158,0.6863359309656322,0.014716793675253614,0.5981577352930636,-0.6012987324639745,-0.652073019529479,1.1250165356616737,-0.21591978022038633,0.00967045400040786,0.356317478497595,2.290813152013181,-0.17567564062101462,0.7281394580848675,0.5556155522668319,2.0430773821741406,-0.3186302093896567,0.9237185167759884,-0.030375908286143116,-0.07151671016362124,1.408017708439486,-0.11006662381462178,0.8749282436899501,1,545789668-A4F6069C-5E1A-49F5-9EDC-59C6EB833E42.wav
-0.1542933293166335,0.44332718003447863,0.0,-0.0461374188443264,0.5071942460815577,-0.8418435895491676,1.0138826731498478,-0.8407807711794886,0.07129472011004569,-0.7884356836230869,0.43358420261647423,-0.376606664155851,0.12462949177165004,0.11990159135653573,-0.21666511416295883,-0.3572651728172829,-0.18462275401924086,0.19801996841341293,0.10589696988972731,0.26080886920801605,0.30543084352892363,-0.2136834701941689,0.48217271941046824,1.0182051033980022,0.3806532206668093,0.3978170946694942,0.0006780273783107545,0.5504756004864956,0.04878211733907465,0.8540561923311788,1.378253876670907,-1.1308965759917353,0.522214052791606,-0.8372657205237587,-0.3895959632761924,0.03373978210575794,0.0,-0.48214751573392045,-0.037299543501155795,-0.26054625981144713,0.2024573170157314,0.09010490767338278,-0.08241293047477741,-0.3774313572746997,0.13234383178251555,0.5247989613659181,-0.058202662345910657,1.0666102161014581,0.5892840634735449,1.4817488462807846,0.3957599702352411,0.0,0.3586599541791494,0.29990081710767036,0.1538920881073895,-0.9180407757149529,0.45785856828500177,-0.3400919857587,-0.03969216063486349,-1.0098580971572595,0.14642882862087878,-0.31788370173671554,0.760984265056082,-0.10325602233182152,0.1835159134129917,-0.20854096469018682,0.5149696370977156,1.2661695685081742,0.5421244939057649,-0.24698699206432034,0.4026486871891125,0.4340753668204901,0.4119738047976208,-0.5993685982650384,0.2929702290842304,-0.8087148380811559,-0.27263732428175086,0.14899435416837278,0.2274417985574344,0.3431117844370007,0.37812167175095235,-0.3814954254337166,0.8106215446566912,0.7590630622427845,0.7480284195514383,0.7518264704363116,1,545789670-C297FD53-BF71-4183-86A0-58E5E1EB0DF8.wav
0.5781521037087278,-0.06371973538431125,0.7717725399362808,0.5165725839764322,-0.3247510401146878,0.059760335752225405,-0.24857283839309097,-0.5831593464306462,-0.6933817382314497,-0.31145594633571044,-0.6050355332120275,-0.09654070034202442,-0.16369270146493617,0.4171426973726794,-0.5278278361071508,-0.5283953314609492,-0.5880951865195003,-0.43732213885874127,-0.42399245799798024,-0.5224157222660424,-0.6180984906074819,0.044804098472538176,-0.23276542497571454,0.11241739727103164,0.33302453381433467,-0.2110068112847206,-0.1926780069924752,0.6072308063168113,0.3252021151246194,0.1007869233509736,0.13624824461641252,0.01629771607266174,1.047280565547167,-0.9127961455769715,0.12171913515398215,-0.2563357621910719,0.7326325347696984,-0.408665486248371,-0.5230832154825211,0.0,-0.5162243475390839,0.07057817578962604,-0.25427105528768285,0.08127463310740658,0.08598374805840817,-0.2862808974863527,0.3960014549303214,-0.10522345498853405,0.6264886424242361,0.1231869327324781,-0.4549084472588758,-0.4685627460198594,-0.10378510282865828,0.6584722137581179,-0.009713584701009713,-0.35720765232787255,0.024556741616568768,1.042637126530087,2.2329322104055462,0.4449688747537526,2.6451084382215027,0.6284049590588263,0.15082795146603153,-0.25865168910044006,0.6920442279655855,-1.2948394792369693,0.8395773434119006,-0.519587536098595,1.1870741099785591,-1.0884750448346736,0.9729106294066932,0.41488788362086704,1.410465746004782,-0.045945948861384235,-0.0346964625012716,-0.46330334329158346,0.007316093538353628,-0.5102205068675933,-0.19646644688592235,-0.2532105099299297,2.1057489540161463,-0.266499842245914,0.36821777961242563,-0.923424536778208,0.7178142478909999,-0.8238105064690329,1,545789671-794D2256-DDFF-4009-8BA8-8A306C8FA14F.wav
1.3131017620964947,0.645336452718945,1.492210172436319,1.40160251662028,0.11254634696168418,-2.2288911772873172,-0.18249732111497968,-1.0982769460010944,-0.6688647248261385,-0.01482054786408478,-0.7057347099984888,-0.2769865004604461,-0.23138922846610424,0.19854059474198493,0.8533458897784122,0.7512651427831469,0.9984903234367234,-0.04415970605596498,-0.08850943523910274,-0.006961033352927835,0.0,0.3188069450461584,-0.18218902398323536,0.7969870039020107,0.19807580396726723,-0.7691026063020658,-0.18539460487413428,0.3719998321958269,0.11923834862461526,0.5165486721486147,-0.03869146589653268,-0.9184486263401737,0.26609381033771434,1.1221271589126123,0.2632134977032583,-0.41139046803752993,0.8051285234574798,0.7000321214941279,0.751854005366951,-1.001646676632019,1.5118155573422762,0.17522292110940724,1.0934169800685452,1.0852771609380414,1.4378277357186064,-0.28987028150223476,0.9496269671236629,2.12929095773268,1.894764934791308,-0.8820479925500733,-0.17629628750746743,-0.6048921961651013,0.12790163769228882,0.0937297237620294,-0.25392143912094534,0.11827509002556653,0.5859878071792447,1.0057575076957148,1.9264972780720024,1.6161834077664565,1.3178080251500486,-1.1473202904322073,0.2835018339594692,-0.09013505126705647,0.6331599789830675,-1.5411720513810179,0.5430819589252737,-0.7173836220275267,0.4562816982942726,-1.385861842354542,1.0880060916717196,-1.1157809879364282,0.679438664737693,-0.7056346474370512,0.07463060993512353,-0.1439860190585444,0.024543806248722065,-0.3535528970918217,-0.0384713871000707,5.158380383384806,-0.25987862497276526,0.6242294690604833,0.04351494949223621,0.738971246021286,0.508338620624505,0.7017328208684036,1,545789674-53885025-35F1-48C1-9826-BAAEB8BEAF58.wav
-0.4578290963054778,-0.2739392530191835,-0.2514632049313263,-0.47110614014553726,-0.330430903090429,-0.29597570596140216,0.5261252293958965,-0.9147942233004316,-0.2614428482306539,-0.9392168858502636,0.2439679070898056,-0.13837921085232435,-0.7443582632171468,-2.4165251100202756,-0.2677287633468764,-0.23171076940760457,-0.2079044487911045,-0.30223202985697945,-0.3363095550722146,-0.3747921282542726,-0.3377008458602258,-1.5668730482000217,2.0795987473124096,-0.5327912113171727,0.8831953881081949,0.019488352796621776,1.8246479835359326,0.0,0.547179096640806,-0.15710357927824703,0.5850044207601144,-0.2756150136590899,-0.28579211979572594,0.3060321643865284,0.8362111101066069,-0.8242227374450697,0.3758571361378907,-0.31212549671969586,0.7187431487559445,0.9684344607542169,-0.4168789795266121,-0.9385159345068438,-0.7944684111150203,0.17405740991992683,-0.8555638623509101,1.0433300547689897,0.3842672983452924,-0.801380148858889,-0.31258452805293746,1.2513117286604927,0.2374506168539128,0.6291271399261635,-0.5176197837444033,-0.6710681974838487,0.051525239206640316,-0.17636937540504977,0.17423156589063052,-0.42287980652954105,-0.8252841987669399,0.10410180486763956,-0.7050198798318243,0.4676571762223352,0.9088998184840115,1.3036165186255897,-0.22360349710774446,-0.4406144065439775,-0.4767458604227897,0.5028366850126262,-0.6661239138665314,-1.0803951087562937,-0.17510009804199808,-0.7036630917825033,-0.6841377805957648,0.26639892898394957,0.0,0.32371836165886236,0.7534826767357529,-0.3941745933594433,-0.6603634601222255,-0.4076046307121512,-0.7366235786452935,-0.020622999618118663,-1.4786527853031497,-0.4449248414011828,-1.6458209915510444,-0.4041390257286878,1,545789675-243F18DB-4432-4C87-B12C-6EEC2D2D30D6.wav
0.669179244317698,2.8638483525194602,0.32302998198736066,0.7260824418892569,2.4033628078799643,0.35930543509852847,0.21851525012940418,0.46890259016269387,0.12926960361432863,-0.5483415809777893,-0.2008256825718461,0.1532449932997004,1.1525179440876228,0.2844036960737483,-0.31931613120356434,-0.38132958126091154,-0.38461459542290466,-0.5484011446756987,-0.6190122240747262,-0.6705504666655916,-0.5791218153058029,-0.30911840430161475,0.5559644932974902,0.3077015568313991,0.9157581219184828,-0.25672397790592477,0.669047168703891,5.245375556776708,2.482277754684341,-0.06527231238421687,0.47732193815544016,2.8239717157393955,1.1755796928774567,-1.2157968104832741,0.5614760432695965,0.2574157202113172,0.5590692326983937,-0.08094651231381518,0.17577915639482186,0.06165043896389794,0.5685186662085189,0.8075079170204666,-0.2824008968223754,1.5739661092072057,-0.14344409233135894,0.7571998946335948,-0.5463587919838041,0.0,-0.5962968216252557,0.0670866442805059,0.35783035150575265,1.464140939585243,0.763941064537543,-0.6130792548007561,0.5936241698383015,-0.040639746593387545,0.5472728915332259,0.34601588120568805,0.2715400197083069,-0.6141533470226093,-0.04809675925472069,0.3957868838868566,1.001123883202254,2.1325978930894447,0.9790892108847332,-0.371165416669788,-0.031002022740839588,1.694854022974325,0.27583640245888535,0.19289525336672175,0.4100969866515685,0.5554721734710489,0.16425806600400433,0.1107227072393789,0.040133255053378475,-0.3658133699958352,0.022970478553760002,-0.11773921187261462,1.043926315344317,-0.06478434666606503,0.2599174359163272,-0.1398353091958988,-0.5292030229254429,1.4351138327188027,-0.6357902992904468,1.1227004767205446,1,545789677-D381D801-B073-4945-BE0D-E250126EA6B1.wav
0.592167813191072,0.5599903764708545,0.5753819701880913,0.5473089466288691,0.2722133288119723,0.18236817265129976,-0.2307339102564406,-0.5970792119307685,-0.6915489143249167,-0.31663500034095166,-0.9178557962307445,-1.141164090530958,-0.32594286291736757,0.10841130740485265,-0.27082406227491873,-0.37721009727688337,-0.1716468048270109,-0.21662852429046334,-0.2673791945857328,-0.21666234991012256,-0.019596986269523935,0.9280476311120973,-0.34635098325733077,0.7198908802137126,-0.5900022229826042,-0.7225529312600167,-0.16741499285671257,-0.6189657280690509,-0.2796546734139705,-0.4816176615968694,-0.11583973634930589,-1.0482200300224815,-0.5016845862138347,-0.0028159548346405315,1.27440495158091,0.7283835374723859,-0.11413108450881089,-0.5588175950759117,0.421880256222222,-0.1650145186549953,-0.05771046916350721,1.3482150133705426,-0.11000286458223614,0.19352986561080637,0.13572507476809267,-0.14015352735449632,0.023016260736767036,-0.6215118912005083,0.04000792881854245,-1.776425166465627,0.5713982605986879,-2.0435682682035363,-0.4462023301401657,1.241443786482422,0.43283480600957497,0.25703555480763185,-0.5270018399897227,-0.07634532052106735,0.2599357913980101,0.12060314711614015,0.31290196946417964,-0.1300742136461092,0.7907459977522274,0.3625006422751077,0.0,0.8056674332234173,1.1878692541406053,1.8069401921012938,0.8288389972206974,-1.5749372502000614,0.6258813681256894,-0.388335191857002,-0.11646539227511318,1.111046023403181,0.9161858875292442,1.5230687511392933,2.1908791311377835,0.33122531144828116,0.2721500276557117,0.05697986441024436,1.2283288295940158,4.801113345911051,0.37636833429416156,0.38807360098549354,0.36729357975305504,0.2962762974835497,1,545789680-7FF9D4F1-DDCC-4CB6-8668-76530D670FA5.wav
-0.069168991812256,-0.22771347095250152,0.11677263631573598,-0.10811387688967439,-0.36782193385889084,-1.9322758162275717,-0.1797259046496874,-0.6207188830757612,-0.5057537933717864,-0.48889662016669416,-0.704311831065928,-2.1829456862137375,-0.4871420688581652,0.30904467411031145,-0.5080469100536771,-0.45833881423436634,-0.4954734382650269,-0.571270894227292,-0.590286628150222,-0.6209675303493235,-0.4575598623022217,-0.06399712836590113,-0.3673610024306255,-0.31239486114711806,-0.39456029054130437,1.0228722296376085,-0.4404228569321946,-0.13165669343089043,-0.3580794873784224,0.3808533405696384,-0.6499099827227116,0.24328318454840903,-0.22000656092880388,-0.29653909802889983,0.05570654938216256,0.10634481287263416,0.03830774997599076,0.7567857286082778,-0.30105987180631355,0.16630548005454673,-0.4314813337914812,1.1787478766287558,-0.48646163825525257,0.3163930760859969,-0.2679084957030682,0.01621741477125868,-0.4114405143661684,0.24879714587082868,-0.4107159365264551,0.18483072619354202,-0.41849440894631834,0.23141570540335651,-0.434682944751283,0.3251132986646722,-0.5012935086430687,0.07950126954501327,-0.29374850989269713,-0.14967833814907222,-0.6744045918313977,0.02288521572890741,-0.7520277450952719,-0.24487973510766367,-0.31446999577843227,-0.1809111204890553,0.15829653557606102,-0.010365976811416086,0.015678184519929722,0.39874926851722264,1.2428237652518948,-0.05025423310358173,0.6287475443387717,0.8112235158317828,1.0423140568066962,-0.8627379506729255,-0.8745395237945011,-0.45319025356364034,-0.39117894974103956,-0.7099923353580845,-0.9018024628297092,1.775058465992957,-0.3762570904281874,-0.436545804751338,-0.9715218611551939,-0.9227118818728273,-0.8793606158946834,-0.8233131231833763,1,545789682-7554E0C7-4E25-49C3-9E6C-04D525455E28.wav
0.028275572766888846,0.03724426543847856,0.1845394276833117,0.021077370025540353,-0.07631767166540629,-1.2166531455954863,1.1356535280817701,-0.053517022774410346,0.8595040640920729,1.302940142740573,1.570704296684031,0.8046619675274392,0.40145746853849584,-0.09771538299179865,1.1097025731909784,1.0305120459353452,1.5269997094297958,0.8790709579894842,1.06838506801765,1.025257335719601,0.6078090068188146,-1.7461444577106482,-0.6924558748553074,-0.5371756992563639,-0.958745155182352,0.3434805095559342,-0.5490462482552554,-0.07983037829320846,-0.7387335251074384,0.35268041721930504,-0.693672091383755,0.23578527675572195,-0.40228788491488404,1.6453646100158956,-0.614193924193874,-0.5041390538190994,-0.3554289273710659,0.4700965314850679,-0.1970251097543047,-0.1516707290026547,-0.2671422094127869,0.2849892862142961,0.0,0.4133055643052379,-0.25065580153582934,0.6851170123682312,-0.2728352517697556,0.25916225169954593,-0.034545159902719,0.9355114557530267,-0.4091175250817781,-0.11267172613346345,0.02467834584961492,0.024122663618135552,0.0,-0.3220321023757883,-0.05983036564273862,-0.9609835079706769,-0.4458763103307434,0.5067965049940235,-0.3545819374119659,0.9035142067005045,-0.20342648874548203,0.4905116750428678,0.13896463423979843,0.3911274350620806,-0.08648644535170046,-0.20492234466165704,0.16344033356479845,-0.5200980403728481,-0.19738959770844558,-0.569512728462967,0.27041918075322885,-0.8197673621175934,-0.9711674265274861,-0.5165677326750222,-0.279343440953893,0.11921849264718186,-0.4056852890627387,0.04477176788252531,-0.9058984638136466,-0.4130580475221799,0.21097421825269125,-0.4139665507860874,0.40134581833055727,-0.392414835659005,1,545789690-DA26461A-AF40-4A43-9662-3A93EE872359.wav
0.22580817804959388,-0.2575513041840506,0.45254252274232143,0.20225180619477828,-0.45991290441352967,0.9765247559590958,-0.2243363710414236,0.7160249439975774,-0.17620183754362093,0.8116511959036894,-0.396586503096998,-0.5188374810867717,1.5000002153896088,0.30697694349498367,-0.6248465301145798,-0.6023308677457234,-0.5933006472115826,-0.2677334675667271,-0.2054412436503347,-0.36883723310981115,-0.1608441046475175,1.1932387257914432,-0.7533966792992128,0.1495238097942512,-0.722212934831992,-0.05302717652800697,0.02235015716843112,-1.1097981308340652,-0.37539823847601295,-1.1894908532931199,-0.11175874548788377,-1.3432282974057057,-0.6402799533856416,-0.3241323890472251,0.13657640673907065,-0.47789221703924395,-0.003016480497040966,0.0,-0.5328098538833658,-0.7480706972748575,-0.553718858778746,-0.35047069754268856,0.28601762371475736,0.009831259718175608,0.04004897487030588,0.05763811470120999,-0.40101186358985125,0.41632283315007235,0.317502342517187,-0.09267949254570783,0.033115451826535976,0.7634155118984397,0.3996890788441396,0.8018198127074482,0.4963393520966234,0.3629338967519985,0.08178443683627086,0.558150244717211,0.10063430654994056,-0.9446574541168116,0.06507728149522503,-1.2672556656726492,-0.05184069108035171,1.2697747248861981,-0.09780466224697086,-0.25914556991506316,0.5264260111845815,1.0379348071793673,-0.29810818046262666,0.22197072298820864,0.8272557952285279,-1.1950761809553208,-0.4468201381181518,0.6804048979523161,-0.2570403778137149,0.5464603536259703,-0.3172315092070868,-0.5821577092504269,-0.694938257897538,0.05122827529641173,1.4930637637044801,1.4135163528532644,-0.026939211477666827,-0.023375046098617226,0.0,0.03322619314083681,1,545806325-8A17002B-CFD3-4DCF-8854-04F0F2BFF21B.wav
0.35052467639376633,-0.13712961880652652,0.5467979622112077,0.3878157228304239,-0.35406750188658265,-1.6883335707236284,-0.6665491349016074,0.5559840086111643,1.7757890757274255,2.0515982757035656,1.1505995495801549,1.3381510222246253,0.0,-2.0821141366865,0.005764643075965353,0.024730624914202186,0.14403444166121587,-0.03998172803113564,-0.06286704505687837,0.050655522298511384,0.13834312765120207,-1.841986042634778,1.9493948150271343,0.8410169646908123,1.5932420912954186,-1.4492292042571746,1.3021227735250818,0.5182845404554837,0.8396312934097175,1.061771070638779,0.8461138311711888,-0.7036496086605256,1.1489214696370644,1.994915144741145,1.5490739450181372,0.2611985871741104,1.5479470042418728,1.0861096602118958,0.19579933756493845,-0.031312553207823224,0.7696483655855679,0.05989188166487033,1.3702065975222757,-0.04578504381487826,2.1826085969425826,-0.20773806270431933,1.3512968652812425,0.7979838168214691,1.3843625034245566,-1.2533073768974006,0.49292196435476493,0.5081215427824387,0.9761669504642526,-1.233836759083296,0.8446199626875868,0.2598295873955558,0.9958122178676125,-0.37483131354279003,0.36938049128009126,0.005778081139367306,0.9481340903353562,-0.17192124145504228,0.9435723798659461,-0.5017601760562963,2.0452762760997754,0.0,0.643147698376377,-0.9330568426663931,1.230845414731743,0.0129121947300906,0.7450778135776955,-0.02167109527654056,1.242713605431709,-0.6461269865965433,1.0980470846926924,0.0887094194095094,1.1950476909350585,-0.4863229591678544,0.13090096078696004,1.0882052820137806,-0.90256229090281,-0.17138585759274413,0.0,-0.31337654269589654,-0.10503247692436918,-0.29299046486794533,1,545806326-BD0FE665-1AD5-4F55-8342-0FAB8B15680B.wav
-0.7552041859004375,-0.1556318299762178,-0.5631360956078664,-0.7171259365440652,-0.02496528941099555,0.8391748971307229,-0.24534679358879494,0.47917251295292657,-0.7022965948967685,0.5146502475088938,0.34695098612325226,0.8516706863629202,-0.026835880990320343,-4.3280429103184,0.4329243846983308,0.4181125243965706,0.9078569904205328,0.8841388792753487,0.5726554015083614,0.8553165902280143,1.4604621998848033,-2.3832108764762996,2.923918798909563,-0.5793123758302511,1.9768918027966893,-1.6684499798229535,2.1657032992915806,-0.5951783971853448,0.9349822722556009,-0.10277970800940278,2.0671412867129795,0.09069140426228367,1.135978604538815,-0.7427371832341355,0.5111470552851476,-0.09481655607890817,0.7080421746808133,-0.7324487200626602,0.6258761143700647,0.03501430689312523,0.6143153809067429,-0.546553469679779,-0.6560999497404058,-0.46837280293739897,-0.3746345894782584,0.755146567991824,0.25240099053832743,-0.09525595465576951,0.34610934497960755,0.6993520138999433,1.1758971733126715,1.664193962473595,0.8588427814520697,-0.37657517009912106,1.2206043586151512,0.39034949151548876,0.0,-0.1331636222148024,2.8149240423793422,-1.4849801978118693,0.40921779960274024,-1.0935277778108365,0.12224957091431769,-0.4732510279916586,0.43795813446610016,-0.3380041599116384,-0.5096773955899838,-0.19943377618028965,-0.4576010995679724,1.1091087106010091,0.345395803013693,-0.8659109457459435,0.008888587079323544,1.1004270495732635,1.1740019686473309,1.4735835433789162,1.677453074560561,0.5138782048461633,0.20970689457690028,-0.5958013079070072,-0.7847264859464202,-0.29927296693137834,-2.618887876546384,-0.6681368560585882,-3.1151655763764063,-0.6146267414554077,1,545812844-DFBCDA22-CADB-444A-9623-16A39D45E9E7.wav
-0.8791443515515224,-0.05065581661345891,-0.7125923065983553,-0.8419204111282487,0.24019002039544243,0.3789041994517518,-0.5998580970504804,0.17176689168689202,0.4671113948368162,1.9915916737051917,1.6735877423340435,1.1764285277018363,-0.10152159000877384,-1.698162893867169,1.6384863294561713,1.541043978850072,1.3147472603181227,1.9763218050123663,1.9095275738456559,1.9258612928023962,1.5742894179151494,-0.9022275722445549,1.7751649915652505,1.9307837857384553,1.4729496612071142,-0.9024212950962823,1.3642853760563591,0.3319520669170886,0.8463634064882498,0.381969600817259,0.66113794170909,-1.4153760925614323,0.6161063117029373,0.3039478148162925,0.44178098222786344,0.8722468016822406,0.98150935744929,-0.7567209935550033,0.38909972780951607,-1.5421348691117884,0.3555074422017302,-1.957691434537712,0.894840680038515,0.4064956177709728,1.1540698198698913,0.07462280084727627,1.0214084434776327,2.0613356172164696,1.7039087462768787,0.6764746566476234,1.0020151249008888,-0.8601447414341209,1.0875178948445052,-0.850462415779547,1.333673727596476,0.5738968692911457,1.3116562363811468,0.30178951175314567,0.6942840333252971,0.13724578345244712,0.4779211407964699,0.9108077037369471,0.4836574580001546,-0.9578570431186888,0.6127635219208896,0.10013560948830867,0.7026653480866561,0.3725893306850839,0.9622107550313078,0.8250146913158726,0.3745118625964172,0.36494556155713587,0.9051567122759919,0.25981583095345384,0.6670050242529364,0.621353313243896,1.6406114797603761,1.1681410165351176,0.6602367740381231,-0.47852184911538087,-0.25448387134311645,0.733444270273401,0.1938828221386032,-0.40902310335205033,0.012937948301103933,-0.3877436186780672,1,545812846-0C14B32A-6C50-4B62-BC89-0A815C2DEEFA.wav
0.3816031899656563,0.4345764778302424,0.4982409110161917,0.38610011278580647,0.23039697834765135,0.620968641591105,0.0,-0.37083665666052246,-0.43615241238853386,-0.3796259859931793,-0.6741380167068094,-1.0128165986307216,-0.8063009194111234,0.384991034939577,-0.6660527892522903,-0.7020478351048619,-0.7605218723957836,-0.6703380668189793,-0.6833287809715944,-0.7769388919072543,-0.6097754256343685,1.162411068497278,-0.6968787609204257,-0.5840711007613439,-0.7918766361308417,-0.7463681560566421,-0.06531135411625358,0.023089649973181272,-0.3007025583944926,-0.8584137310256229,-0.71782449704613,-0.1396520599626985,-0.6910780425602457,-0.7987432292491865,-0.29649826195530066,-0.7672792840779226,-0.7306367553569562,-0.7625125711723131,1.1611101837081388,0.8427636290785838,0.13706164825474257,-0.46988935111113606,0.24762386821713747,-0.44612473432019245,0.7845559814057571,-0.5571982102029249,-0.06020115137578114,-1.418398796983969,0.35023950099986634,-0.3164400878200482,-0.2188570194176171,0.2769809121155723,0.4905285066780461,0.5110570817717374,0.854323228989251,-1.1628940104167191,-0.3505113955911671,-1.2118697083535768,0.39000327247466426,-1.3616612761118878,0.5628002218412385,-0.5052719785758731,-0.09181461042001664,0.3201797715014401,-0.0784392613454081,0.4522547715368682,0.21273078030670292,0.22185990286765295,-0.030255341054365198,-1.491378247840788,-0.0828898132835866,-0.1671021404000902,-0.5060312064878316,0.7617179092464221,-0.31077425936584147,0.4824637662361988,0.39892579163358494,-0.6302608231171758,-0.3697214040575933,-0.13080859377554768,2.4438915877577423,2.0977721588711247,0.7302916186829371,0.5020258464853348,0.769386609505136,0.5551365694916884,1,545834603-857E007F-1CCF-4249-8160-3A0F3F5AB58D.wav
0.6568365643409263,7.3096439442792045,0.598176128466227,3.3517133155051106,6.601807552797493,-0.9231370729840123,1.2458558470901815,-0.7157245300674693,1.7472765882560828,0.11751577006825573,-0.6024660695864121,-0.11743726966973733,0.6919000257956661,-2.0573582545359193,0.5770380516535504,0.5918372815736928,0.627401634110739,-0.015369547019701432,-0.09877582745595391,-0.029811324223080804,0.20371347982538648,-0.636903491230269,2.433924023897653,-2.113020892874698,2.382340574266559,-0.422287190534428,3.7727228735681426,-1.7231538371533026,2.78943016854253,0.5186207219282933,0.6776113279766742,1.0038510591216838,1.7940244587807028,0.3675908394062315,2.113856343656689,-0.6061341705601895,1.725522759579626,1.0154375525276043,1.3085961588659991,-0.6501604036287016,1.7458153871648432,0.8994364993175021,1.5619029359550203,-1.474507238338265,2.158118650078757,-0.7225631351908481,1.0956440366457776,0.5356329216663898,1.4083296963943233,-1.2354820283422983,1.8665299398103534,2.3299287447856685,2.3318370676064855,-0.19155478937569673,1.6382593326676185,1.06729150737228,1.7831431124457462,0.6171761653564877,0.6093092703760866,0.48105855381944324,0.954580111049477,-0.010530576009290566,1.2415570076453992,-0.8932131262618177,1.5185095576198233,-0.8128793434102701,0.995614272533151,-0.8627136963615845,1.0231200234840099,-0.03571613931786469,0.643883900947202,0.5715985979888031,1.1036517891999487,-0.4880193441623395,5.186325353117378,-0.3467701349506886,1.1612873374990302,0.1402221891569115,1.1978700722714635,4.0068523343516045,0.040933207960462514,-0.3617881958110031,-0.569589909486471,0.7748845190467011,-0.5273399188741217,0.6943354743340181,1,545841221-6FC57E6E-65B6-4859-A15A-55856D7E75C0.wav
-0.15515815402502842,1.3193598801762547,-0.22954852228987568,-0.12178436444411493,1.624349965413674,-0.3516556168398722,0.3026990763623266,-0.7294767539545771,1.5543496313002874,-0.3944404904126507,0.392836717639655,-0.018997697987942493,-0.16698751062460357,-3.3911965581548666,0.7820892012702572,0.3551213661194579,0.5640672834926281,0.9728458666202706,0.8018233187766847,0.8397085679697995,1.0481944707342319,-1.3086080128117485,1.6273264141397967,-0.7315073903652767,1.3841376178312506,-0.8242210277925089,1.225570022939801,-0.5394201031508914,0.8796202470088206,1.0687837993890636,2.4194967203871944,0.11144410243788329,1.7982979369101124,-0.8949210804520288,0.5701000064752404,-1.0780780036931286,1.3746621193094897,0.28646927054387683,1.1355806875606926,-1.3868226329907043,1.4260615477647793,0.12108570605904238,1.2354111533113246,0.4499063914499428,1.4962952420534914,-0.4439592285962158,1.1776626620514672,0.9704687856364488,1.3956613245900704,0.17868637281856686,0.6580560838009546,-0.016623283041203633,1.355049165131848,-1.111592919652322,1.579558021717383,-0.9903062352245985,1.4612358217588726,-0.15762973777850112,0.8279313024614444,-0.5763097619985103,1.2074046690552658,1.4221179346583994,0.559939093204074,1.0746947591513127,1.6634331473494766,0.7357904633504194,0.6070966119476736,1.5124595704725812,0.7408653758227313,0.4814845354649075,0.43605626866918645,1.0164279946077224,0.7862893843530966,-0.3815174158999074,1.8948321294821238,-0.4558639368405082,0.11400214133451855,1.1767757210732497,0.8611936739074529,-0.4482640449868264,-0.2595304258919956,-0.3585612525329502,-0.7429025545638667,0.5734496388219885,-0.9211907494349837,0.4707244308354421,1,545841222-DE5AEF27-7F4E-45A4-BF7D-9E87E7A786AE.wav
0.20696994423193676,2.858811282174044,-0.8508561352506198,0.27298418369564,2.973913674237991,-0.6109992150286775,-0.07185969223117779,0.2092993943907876,-0.416598693349657,-0.06209658507175026,-0.34255077740953555,0.1144088526525687,0.40989589688465833,-5.7952925884739575,1.911121379341246,2.1677206851229185,1.5191530468425136,0.34916432056372587,0.45330844120613534,0.21272978113012964,0.22100293783149966,-2.4374817024194892,2.5405457475589595,0.17034451617609522,2.3301017307067347,-1.724696692552479,2.000059122107458,-0.397902423307284,0.8358071344655696,0.47500481063100164,1.2674074480421487,-0.40091628489352205,1.1844115545872622,-0.3028480636989049,0.7892100944963729,0.37880388938691345,0.4406418645236176,-0.07713281486779928,0.836790105810698,-0.5887466765226985,0.8771305008623173,0.7963542195115224,0.14944019399249003,-0.7604499457673469,0.3774701450041194,0.3317656593671315,0.43063135152061355,0.1960222206647708,0.2138764484696258,-0.7932834886023354,0.6832664155899011,-0.5477540294354792,1.0331494840431636,-0.09988772206031005,0.8446121447036101,0.2665141930878359,0.25146124959414934,0.42162723942207175,1.479313785129882,0.6518813937053226,0.5953870407922602,-1.0405742219976577,0.5708047180860769,-0.7773691532500909,0.5965034436420852,0.247903841857005,0.7342418063581784,-0.544874266902047,0.30488897443032253,0.7594814190394954,1.853364820654671,-0.736226276242366,0.6434658603103618,1.1467701639275993,2.6888213471176474,2.386502895962945,2.0499618049971384,0.6421003775282755,0.14340628831182817,-0.5631834378995603,-0.8954937099810946,-0.2446163737870001,-2.495509109559688,0.7283916703047214,-2.8080354809493335,0.6448228505050732,1,545841223-24FB0419-5BAE-4F9C-8EBC-CD62DA6590D2.wav
-0.1622869980431228,-0.24157044168678932,0.028672243322157058,-0.18254794648090714,-0.3635781971801279,0.26732634655338183,-0.6227747844695967,-0.3567887993951671,0.1367767294738552,-0.44770420392355015,1.1377967414012111,1.1018893051321874,-0.3849375803020266,0.14454848443059104,-0.5288014163613787,-0.527844526410165,-0.503750997795879,-0.3279373619215484,-0.43746533047593233,-0.39863187490633284,-0.05251398652628103,-2.1458403291582906,0.6129747219894016,-2.0912853969338756,0.18792367272311097,-0.40554983825691454,0.6567938092646255,-1.7387618580095245,0.399907588868127,0.27076398953815656,-0.5035996141254216,0.494824560211365,-0.4928898758134149,0.271142277307424,0.2957505169560551,-0.8465521153795713,0.43733481228744003,-1.0348210147504118,0.6682022583410854,0.4020691703429423,1.2078902702797552,-0.09605372806080378,0.48758790807754027,-0.21522768659102137,1.6391099373477032,1.1335918718793252,0.08911208371602705,-1.1192654428680868,0.858960335655408,0.0,0.9357597038636339,0.45775552870260544,1.7891162869465553,-0.45513600227967704,0.7291922139028354,-0.09026764797346203,1.1053587541143715,-0.2591088858607935,0.7012152003549421,0.017663533441826494,0.1064270694123809,0.6765789191628003,0.24603444718846815,-0.31366586072314495,0.42741320120334597,1.0767819243766432,0.7107905374826913,-0.5299437275555924,0.5659024428897623,0.49118590049175415,0.1039582650923934,-0.5576007010662645,0.0,0.298409623262107,1.9593945213311794,0.14843009841518257,1.9479752531265146,-0.17296468902406772,0.052932631046767174,-0.5719277164471455,-0.7796517418310025,-0.2985349915939236,0.49095217576103933,0.3794420583964831,0.41772704732177424,0.4859386867336652,1,545841226-C699FC9E-1E0C-474D-A12A-936DD92B8980.wav
1.025467312802427,0.3297407374207374,1.1478707869494842,0.9962388224724977,-0.06862213924882804,0.35246542394216623,0.6310060236007677,0.4194158824999344,0.2476388721838116,1.3451391007161557,-0.737710941311829,-2.2222803662390485,-0.45078856561114883,0.2961870425456526,-0.5033214272277577,-0.4823186715746514,-0.5167257233305456,-0.5418342620616515,-0.59547975326449,-0.6522276733694273,-0.5673068837854701,1.0342070245351997,-0.6298415676552632,0.10611999444597563,-0.8037931825003716,-1.5282177890909194,-0.2901918091738596,2.4272628383891646,-0.24329537681512534,-1.7562893230226857,-0.34447828214006926,0.8925324830346137,-0.5024584913890395,0.3559658119916022,-0.12938030549279375,-0.6140552337291325,-0.2889343435876822,1.5385895489460002,-0.6228398041289975,1.2761793650523638,-0.6373091335448173,-0.0023052710968817984,0.14886604288982658,0.6202142782940425,0.2992504561142375,-1.0351874916660682,-0.37088786869734186,-0.4620602301166722,-0.35377410786346003,0.38675891803878326,-0.34217543689356994,-0.43750162668083903,-0.7275085237630052,1.5318942781759575,-0.48135158110958326,-0.8016357380941489,-0.1951464220470074,-1.306563843545735,-0.05934195239328902,0.783948437566136,-0.5385257073704213,-2.5472417731856885,0.048894060708385555,-0.7233677819482695,-0.6457232894361826,0.13441853762926928,-0.9275078981687053,-0.5009517831115412,-0.46874580515058456,1.0277538963702297,0.33040466055073064,0.8091079272634943,0.4681944201494197,2.119948215371538,0.008248301347906191,1.404237956014421,-0.20646882967568098,-0.2152297810247352,0.5418648939353188,-0.4198948862039337,2.1961574194137192,11.679166013640964,0.3856716459204258,0.4799983167883134,0.5988671668427091,0.46105000595470264,1,545841227-5C77713A-66F1-49D0-BC8A-702C152E668D.wav
-0.7652606699925047,-0.26485315413885424,-0.6038110485027854,-0.7391805968925476,-0.20935627573642004,-0.7952830419544786,1.015551498382139,0.0742478755305405,1.4861921298942182,1.749146554830989,1.4454308683510935,1.2318975849517575,0.9043888986575762,-0.18941978989317765,0.20409400709748193,0.1702625878868357,0.2938104784089292,0.3423399795587686,0.3287265490869371,0.44149715507998505,0.3225086475887196,-0.3549920524619241,0.597330443212249,-0.6556823900525384,0.27141915433386526,0.0797840178616365,0.4453301377214737,0.757018960045765,0.6197113923282901,0.6362426494725084,0.5251292211117541,1.1487510096783895,0.16227587127895626,0.8343148244023489,0.21558707595347285,0.012369638240960934,0.8856979156923963,0.5035976563143947,0.34506848750558416,0.6317751876906156,0.03469382882020483,-0.14255754843253046,1.6548721149230126,-0.6139261467365185,1.0256406577777588,-0.08639880337385113,0.5245900395236464,-0.035715352027903435,0.6022038315056476,0.20898526933956046,0.42177851729613997,1.6142786147466277,0.3935415632357788,-0.8349797331937429,0.5976041628372757,-0.5758158460738324,0.6932141968279028,-0.9294745355680974,0.5131293640853483,-1.0126809131716616,0.312594206872095,0.9494394647635862,0.7485594543918263,0.06756551925041906,0.8429753754208361,0.8031793525734798,0.08296249781403901,0.07424383641651064,0.08983591096471488,0.30767355013218134,-0.0682292185412026,0.44358207945510375,-0.27905277476159146,-0.7605846040847861,0.2928569391063067,-0.5195273064219358,0.1459339037571894,-0.05086778970751369,0.00609839688644374,1.011564441267573,-0.43660445551473936,0.2102775702098651,0.6208992312508181,-0.7574633573727954,0.5111531003898273,-0.7041484156743043,1,545847410-D1BA3BB4-1F61-44CA-ACDE-455A8E97E04B.wav
-0.9438115513612246,-0.34160983355960284,-0.7474799540854302,-0.9160224568925994,-0.2756820364205219,0.6374680698055591,-0.5822571905330592,0.975278411200696,-0.4410112497507428,-0.2641604494422823,0.16873630683741778,0.32720312710372346,-0.4923970183163523,-0.2615099532856931,0.26423233268326995,0.19966399706430035,0.4192647864861995,0.43588971274860233,0.5959785510061223,0.4132841983729723,0.2581915557530953,0.965093793672192,-0.7840952961516479,0.06308605049348165,-0.8925651102026051,0.35932987354535506,-0.6158227586737003,0.4552883864131032,-0.5104592350703957,-0.9653699561291306,-0.8231541466187297,0.12886847304736185,-0.46911735205866584,0.30244631303477026,-0.5554125005640957,0.05608811329614844,-0.25996781586598944,-0.5764102173841931,-0.3358301583432555,-0.5465270386595105,-0.5398761718108843,-0.42825745785039915,-0.9668559738913034,-0.5830502747867993,-0.6190259047957449,0.7242157300313186,-0.36894643745645406,1.3771359721527028,-0.2530736353520637,-1.0612179927843732,-0.7193426031113761,0.13596621778201504,-1.0276813699648575,-0.1467544402616394,-0.809191139432642,-0.4736353923807987,-0.819494191322263,0.43285519802119077,-0.3834266033375157,0.39275605043882733,-0.48395461149702135,-0.20660556724578757,-0.3460860456927156,-0.6693574972985151,-0.4381320912127906,0.5052704124605771,-0.8137626611218102,0.42294522247008776,-0.6571922788773097,-0.6480485180864045,-0.9044105870847413,0.2988793731503319,-0.9320956416159984,0.7806471652300274,-0.6816552509732762,0.6181251684327785,0.3972914790552499,1.0850049664965333,0.46848441249230005,-0.24425655152198217,0.6388879690794482,1.833923798691941,-0.7607097692085106,-0.5695812402324437,-0.822167673041041,-0.5239709111523296,1,545880204-EE87D3E2-0D4C-4EAA-ACD7-C3F177AFF62F.wav
