Feature_1,Feature_2,Correlation
jitter_rap,jitter_local,0.9977342026007425
shannon_s1_f0,tsallis_sq_f0,0.9926615658601918
f0_cv,f0_std_hz,0.9859247710818227
shimmer_apq3,shimmer_local,0.9848663927723073
shannon_s1_amp,tsallis_sq_amp,0.9819854740554039
jitter_ppq5,jitter_local,0.9717893051156897
shimmer_apq11,shimmer_apq5,0.9672643087320699
shimmer_apq5,shimmer_local,0.9664764607137359
jitter_ppq5,jitter_rap,0.9609801338310362
shimmer_apq5,shimmer_apq3,0.9451827405791262
shimmer_apq11,shimmer_local,0.9307229040518225
dmfcc1_std,mfcc1_std,0.9020333141455255
shimmer_apq11,shimmer_apq3,0.8839429632206343
dmfcc2_std,mfcc2_std,0.8786425900941958
mfcc2_std,dmfcc1_std,0.8766784965661325
f0_min_hz,f0_mean_hz,0.8742345707540768
dmfcc2_std,dmfcc1_std,0.8638608162358956
mfcc2_std,mfcc1_std,0.8603771486111177
dmfcc3_std,dmfcc1_std,0.8495549209460729
dmfcc13_std,mfcc13_std,0.8308822872710929
dmfcc4_std,dmfcc3_std,0.829472884307873
f0_max_hz,f0_std_hz,0.8282687326321386
mfcc8_std,mfcc4_std,0.8278160086418959
dmfcc11_std,dmfcc9_std,0.8218491002009278
dmfcc12_std,mfcc12_std,0.8133896277618893
dmfcc3_std,mfcc3_std,0.8094702728659873
mfcc3_std,mfcc1_std,0.8072234535040613
mfcc1_std,hnr_mean_db,0.8060072691907808
spec_rolloff_mean_hz,spec_centroid_mean_hz,0.8034104013974418
dmfcc11_std,dmfcc8_std,0.7980899033747052
dmfcc5_std,mfcc5_std,0.7876531353964332
dmfcc4_std,dmfcc1_std,0.7873421623938337
f0_cv,f0_max_hz,0.7857319339150007
dmfcc5_std,dmfcc4_std,0.7844940869869509
dmfcc9_std,dmfcc8_std,0.7840134577412948
spec_centroid_mean_hz,mfcc3_mean,0.7832308884822856
dmfcc13_std,dmfcc12_std,0.7819020128106028
mfcc3_std,dmfcc1_std,0.781515448152765
dmfcc12_std,dmfcc11_std,0.7813941143869657
dmfcc9_std,mfcc9_std,0.7807352954758744
dmfcc8_std,mfcc8_std,0.7799530563617073
spec_rolloff_std_hz,spec_centroid_std_hz,0.776855393576149
dmfcc8_std,dmfcc6_std,0.7738053341732195
dmfcc1_std,hnr_mean_db,0.7721947843891783
mfcc9_std,dmfcc8_std,0.7696729895187111
dmfcc9_std,dmfcc7_std,0.7642238254812925
dmfcc6_std,mfcc6_std,0.7630380488639751
dmfcc9_std,dmfcc6_std,0.7582319067453251
mfcc5_std,mfcc4_std,0.757870361394382
dmfcc5_std,mfcc4_std,0.7524025266436736
dmfcc11_std,dmfcc6_std,0.7521336527117147
dmfcc7_std,dmfcc5_std,0.7518268988433017
dmfcc10_std,mfcc10_std,0.7488761729108857
dmfcc8_std,dmfcc5_std,0.7451308513967967
dmfcc10_std,dmfcc7_std,0.7450229717703087
dmfcc4_std,dmfcc2_std,0.7428056781660638
dmfcc11_std,dmfcc4_std,0.7408008009766774
dmfcc3_std,dmfcc2_std,0.7400829323941174
dmfcc12_std,dmfcc9_std,0.7393239523674214
dmfcc7_std,dmfcc6_std,0.7387034116815432
dmfcc4_std,mfcc4_std,0.7385142665293917
dmfcc3_std,mfcc1_std,0.7333496619230996
mfcc8_std,dmfcc5_std,0.7332221510977186
spec_flux_std,dmfcc2_std,0.7327937312716626
dmfcc12_std,dmfcc6_std,0.7284496677430478
mfcc12_std,dmfcc10_std,0.7253019616752401
dmfcc11_std,dmfcc5_std,0.7234893775273208
dmfcc11_std,mfcc11_std,0.7223874091427852
dmfcc7_std,dmfcc4_std,0.7220245909201557
dmfcc11_std,mfcc9_std,0.7210148989533889
mfcc12_std,mfcc9_std,0.7200240730832921
dmfcc8_std,dmfcc7_std,0.7166819572465885
mfcc8_std,mfcc5_std,0.713179163380512
dmfcc13_std,dmfcc11_std,0.712988284508748
dmfcc11_std,mfcc8_std,0.7088807891038051
dmfcc13_std,dmfcc10_std,0.7080145750909496
dmfcc8_std,dmfcc4_std,0.7072485061825287
mfcc9_std,mfcc8_std,0.706938244178401
spec_flux_mean,shimmer_local,0.705229559574903
dmfcc7_std,mfcc7_std,0.7043221397737727
spec_energy_low_mean,f1_mean_hz,0.7033593428801345
dmfcc4_std,mfcc2_std,0.7026765637824041
dmfcc9_std,dmfcc4_std,0.7014252138514661
mfcc11_std,dmfcc4_std,0.7009689128096894
mfcc13_std,mfcc11_std,0.6998117110981752
dmfcc9_std,dmfcc5_std,0.6990870759629535
mfcc1_std,mfcc1_mean,0.6988425495590374
dmfcc5_std,dmfcc3_std,0.6973392475705236
dmfcc2_std,mfcc1_std,0.697141695407713
spec_centroid_std_hz,mfcc5_std,0.6963295207927045
mfcc3_std,mfcc2_std,0.6950908335418563
dmfcc11_std,dmfcc7_std,0.6926302093279313
dmfcc4_std,mfcc3_std,0.6914224339319243
spec_flux_mean,shimmer_apq5,0.6911871518682333
spec_flux_std,dmfcc1_std,0.6908635902644348
mfcc9_std,dmfcc7_std,0.6890195998226284
f4_mean_hz,f3_std_hz,0.688622657735473
dmfcc3_std,mfcc2_std,0.6861817770564193
dmfcc9_std,mfcc8_std,0.6858383935896166
dmfcc4_std,mfcc1_std,0.6855925675117566
mfcc11_std,mfcc8_std,0.6850674806275339
mfcc11_std,mfcc9_std,0.6850379603120138
spec_centroid_std_hz,mfcc2_std,0.6828078524404841
spec_flux_mean,shimmer_apq11,0.681068898516102
mfcc12_std,mfcc10_std,0.6794705490246565
mfcc12_std,dmfcc9_std,0.6788578713718905
mfcc7_std,mfcc5_std,0.6772725728575846
spec_flux_mean,shimmer_apq3,0.6767245067395785
mfcc11_std,dmfcc5_std,0.6746407795237257
spec_flux_std,dmfcc3_std,0.6725065753022406
mfcc9_std,dmfcc6_std,0.6711608581839658
dmfcc8_std,mfcc4_std,0.670114998346899
dmfcc12_std,dmfcc10_std,0.6700956720378135
dmfcc5_std,dmfcc1_std,0.6691767140266524
dmfcc6_std,dmfcc4_std,0.6669010635985304
mfcc13_std,dmfcc12_std,0.6667290296308356
mfcc7_std,mfcc6_std,0.6663655914563708
dmfcc6_std,dmfcc5_std,0.6644460874045477
mfcc11_std,dmfcc8_std,0.6632473913702558
mfcc11_std,mfcc4_std,0.6628829716213351
dmfcc13_std,dmfcc9_std,0.6616496509922244
mfcc11_std,dmfcc9_std,0.660885998891308
mfcc8_std,dmfcc4_std,0.6594071912091313
spec_energy_mid_mean,mfcc1_mean,0.6592194298989118
mfcc13_std,mfcc10_std,0.6589056265087875
dmfcc12_std,mfcc9_std,0.6583641263498297
dmfcc7_std,mfcc6_std,0.6575978984472227
dmfcc11_std,mfcc4_std,0.6564174834607174
spec_centroid_mean_hz,f1_mean_hz,0.6558785947360175
dmfcc13_std,dmfcc6_std,0.655298208501233
mfcc3_std,hnr_mean_db,0.6551474454949558
mfcc6_std,dmfcc4_std,0.654724663862847
mfcc7_std,dmfcc4_std,0.6544328002638921
dmfcc10_std,mfcc9_std,0.654345667981639
mfcc2_std,hnr_mean_db,0.6539963898916908
mfcc4_std,dmfcc3_std,0.6537522712613595
dmfcc11_std,dmfcc10_std,0.6529137480650961
mfcc10_std,mfcc7_std,0.651651453997022
dmfcc13_std,mfcc12_std,0.6515236554898727
dmfcc12_std,dmfcc8_std,0.6512056067481501
spec_flux_std,spec_flux_mean,0.6497522943849247
mfcc10_std,mfcc9_std,0.6495544105380545
mfcc6_std,dmfcc5_std,0.6485583722187178
dmfcc12_std,dmfcc7_std,0.6478382715456534
mfcc12_std,dmfcc6_std,0.6473691949310422
spec_centroid_std_hz,mfcc7_std,0.6461923951675189
mfcc4_std,dmfcc1_std,0.6458108733781007
dmfcc3_std,hnr_mean_db,0.6438008624621374
mfcc12_std,mfcc4_std,0.6433655407835761
dmfcc8_std,dmfcc3_std,0.6429884757227623
mfcc13_std,mfcc12_std,0.6429694747900145
mfcc12_std,mfcc11_std,0.6421768112084227
dmfcc13_std,dmfcc7_std,0.6406275154416117
dmfcc11_std,dmfcc3_std,0.6400074625826105
mfcc13_std,dmfcc10_std,0.6392356289329205
mfcc12_std,dmfcc7_std,0.6383653298272237
mfcc7_std,dmfcc6_std,0.6382187535805659
dmfcc13_std,dmfcc4_std,0.6380219029131705
mfcc8_std,dmfcc7_std,0.6360535786559444
mfcc12_std,mfcc8_std,0.6352976175435887
mfcc9_std,mfcc5_std,0.635061223885287
mfcc11_std,dmfcc2_std,0.6338629168484117
dmfcc12_std,mfcc11_std,0.6333145377612756
mfcc1_mean,hnr_mean_db,0.6286842028853052
mfcc11_std,dmfcc10_std,0.6283730140879227
spec_centroid_std_hz,mfcc3_std,0.6283696378636531
dmfcc13_std,mfcc11_std,0.6275641953897818
mfcc3_std,dmfcc2_std,0.6259298332622786
dmfcc5_std,mfcc3_std,0.6254953387906189
mfcc12_std,dmfcc8_std,0.6245119884332084
dmfcc8_std,mfcc5_std,0.6231677902143006
mfcc12_std,dmfcc11_std,0.623117032404069
mfcc9_std,mfcc7_std,0.6227174387327525
mfcc4_std,mfcc3_std,0.6205703772713362
spec_flux_std,dmfcc4_std,0.6199240100720063
mfcc8_std,dmfcc6_std,0.6195492722707692
mfcc7_std,dmfcc5_std,0.6191095053472361
dmfcc10_std,dmfcc6_std,0.6182959007200831
dmfcc10_std,dmfcc9_std,0.6171678520185911
spec_centroid_std_hz,dmfcc5_std,0.6166894424226986
shannon_s1_f0,spec_flux_std,0.6159012437805045
dmfcc5_std,dmfcc2_std,0.6145581957296845
dmfcc13_std,dmfcc8_std,0.6145230912926899
mfcc8_std,mfcc7_std,0.6143961094043171
mfcc5_std,dmfcc4_std,0.6128138011137007
mfcc7_std,mfcc3_std,0.6123957115911296
dmfcc9_std,mfcc4_std,0.6123141549787716
dmfcc7_std,mfcc5_std,0.6116687931038438
dmfcc10_std,dmfcc8_std,0.6112017767695239
mfcc5_std,mfcc3_std,0.6110178504926944
mfcc11_std,mfcc6_std,0.6109943518452756
mfcc10_std,dmfcc7_std,0.610310106531699
mfcc6_std,mfcc4_std,0.6093414799991899
spec_centroid_std_hz,dmfcc2_std,0.6089743616998635
dmfcc9_std,dmfcc3_std,0.6089514027982869
mfcc11_std,dmfcc7_std,0.6086194994745162
spec_flux_std,f0_std_hz,0.6074236199809276
dmfcc8_std,dmfcc1_std,0.6068777098945108
tsallis_sq_amp,hnr_mean_db,0.6067513921681993
dmfcc13_std,mfcc10_std,0.6062615605099757
dmfcc6_std,mfcc5_std,0.6062117169155598
dmfcc10_std,dmfcc4_std,0.6058619852881639
dmfcc12_std,mfcc8_std,0.6053155404458874
shimmer_apq3,jitter_local,0.605287983611432
mfcc9_std,mfcc4_std,0.605161198899167
mfcc4_std,mfcc1_std,0.6050702246364926
spec_energy_high_mean,spec_rolloff_mean_hz,0.604690976432069
mfcc9_std,dmfcc4_std,0.6043631765153098
mfcc13_std,mfcc9_std,0.6036636709138457
mfcc9_std,dmfcc5_std,0.6033512308891026
dmfcc8_std,mfcc6_std,0.6026219964560723
mfcc13_std,dmfcc11_std,0.6015073123497124
dmfcc7_std,dmfcc3_std,0.600389199772478
mfcc11_std,mfcc10_std,0.5997389192456523
mfcc6_std,mfcc5_std,0.5982309151348655
dmfcc10_std,dmfcc5_std,0.5981183413827711
mfcc7_std,dmfcc1_std,0.5979990298628891
shimmer_apq3,jitter_ppq5,0.5979187691344826
dmfcc6_std,mfcc4_std,0.5965948965875508
mfcc13_std,dmfcc4_std,0.596309997459744
mfcc3_mean,mfcc1_mean,0.5962138747299668
mfcc10_std,mfcc8_std,0.5961735538832453
dmfcc13_std,dmfcc3_std,0.5959360134629752
dmfcc2_mean,dmfcc1_mean,0.5956262271926697
mfcc10_std,mfcc5_std,0.5955631194236334
dmfcc1_std,mfcc1_mean,0.5943856673300384
dmfcc9_std,mfcc7_std,0.593230573523727
dmfcc13_std,mfcc8_std,0.5927843251859648
mfcc6_std,dmfcc2_std,0.592470980292348
spec_centroid_std_hz,mfcc6_std,0.5909592575583998
mfcc11_std,dmfcc6_std,0.5908072870909764
dmfcc8_std,mfcc2_std,0.5901994562761412
spec_rolloff_std_hz,mfcc2_mean,0.5887438300001955
mfcc7_std,mfcc4_std,0.5880348813198693
shimmer_apq3,jitter_rap,0.5859213136965008
spec_flux_std,mfcc2_std,0.5830928757645385
mfcc3_mean,f2_mean_hz,0.5817103254384587
f0_max_hz,f0_mean_hz,0.5815066619413156
mfcc11_std,mfcc5_std,0.5808786319204677
dmfcc5_std,mfcc2_std,0.5806747449178069
mfcc13_std,dmfcc7_std,0.5781004926550023
mfcc9_std,mfcc6_std,0.5773849782509916
mfcc12_std,dmfcc5_std,0.5762109324582714
mfcc2_mean,mfcc1_std,0.5761900198195766
dmfcc8_std,mfcc1_std,0.5760975183246971
dmfcc12_std,dmfcc5_std,0.575891194813476
spec_flux_std,dmfcc5_std,0.5756583369722552
dmfcc13_std,mfcc9_std,0.5751095381847258
dmfcc7_std,mfcc4_std,0.5745761365870601
dmfcc10_std,mfcc6_std,0.5742946658500685
dmfcc11_std,mfcc6_std,0.5739191422191783
mfcc10_std,mfcc4_std,0.5738543411470851
dmfcc13_std,mfcc6_std,0.5736243764957629
spec_centroid_std_hz,mfcc4_std,0.573289745735937
mfcc11_std,dmfcc1_std,0.571614476032612
spec_flux_std,f0_cv,0.5707471127362542
dmfcc10_std,mfcc7_std,0.5693369094009278
dmfcc12_std,mfcc4_std,0.5693204205550385
mfcc8_std,mfcc6_std,0.5689404640183895
dmfcc8_std,dmfcc2_std,0.5687774095203086
spec_energy_high_mean,spec_centroid_mean_hz,0.5682050675551
dmfcc5_std,mfcc1_std,0.5681016380128454
mfcc13_std,mfcc8_std,0.5678552809837502
spec_rolloff_mean_hz,mfcc3_mean,0.5667084742541485
mfcc8_std,mfcc3_std,0.5665302770642191
mfcc7_std,dmfcc3_std,0.5662410268576318
dmfcc12_std,mfcc10_std,0.5661682932912038
mfcc13_std,dmfcc6_std,0.5649344570772088
tsallis_sq_f0,spec_flux_std,0.5642011626156326
dmfcc6_std,dmfcc3_std,0.5639097727005813
spec_rolloff_std_hz,mfcc5_std,0.5638994567682291
dmfcc9_std,mfcc6_std,0.5623880547871556
mfcc8_std,dmfcc1_std,0.5623283551154954
mfcc8_std,dmfcc3_std,0.5622485630897279
spec_centroid_std_hz,dmfcc4_std,0.5621178118473437
mfcc3_std,mfcc1_mean,0.561761672873852
dmfcc10_std,dmfcc3_std,0.5613961829364089
spec_centroid_std_hz,dmfcc3_std,0.56049922436658
mfcc9_std,mfcc3_std,0.5603765201370889
mfcc13_std,dmfcc3_std,0.5600656436235314
spec_energy_high_mean,spec_energy_mid_mean,0.5597651886091628
mfcc11_std,mfcc7_std,0.559661541801731
mfcc12_std,mfcc7_std,0.5593218167939554
mfcc11_std,mfcc2_std,0.5583897182847545
dmfcc13_std,mfcc7_std,0.5581760552041128
dmfcc11_std,mfcc5_std,0.5578167905805124
mfcc13_std,dmfcc9_std,0.5577474006421456
spec_flux_std,mfcc11_std,0.5560744008105462
dmfcc2_std,f0_max_hz,0.5552962251858486
spec_rolloff_std_hz,mfcc2_std,0.5547013300916954
mfcc8_std,mfcc1_std,0.55380337270043
mfcc11_std,dmfcc3_std,0.5536931808150836
mfcc13_std,dmfcc1_std,0.5535376001331997
mfcc12_std,mfcc6_std,0.5532820317034612
dmfcc12_std,dmfcc4_std,0.5519426737579213
dmfcc12_std,mfcc7_std,0.5516548284655288
mfcc12_mean,f0_min_hz,0.5511053365209571
mfcc13_std,dmfcc8_std,0.5510408305579984
dmfcc10_std,mfcc4_std,0.5509422291200577
mfcc7_std,mfcc2_std,0.5505265255699009
mfcc6_std,dmfcc1_std,0.5501315116884234
spec_centroid_std_hz,mfcc10_std,0.5493672485004794
dmfcc13_std,mfcc4_std,0.5488805423430736
spec_centroid_std_hz,dmfcc1_std,0.5475196586115201
mfcc3_mean,f1_mean_hz,0.5472136725077783
dmfcc8_std,mfcc7_std,0.5467854015710236
mfcc8_std,mfcc2_mean,0.54655646135128
dmfcc3_std,mfcc1_mean,0.5461309387612199
mfcc4_std,mfcc2_std,0.5450906514862758
mfcc7_std,mfcc1_std,0.5449161952401194
mfcc5_std,dmfcc3_std,0.5442390453808221
mfcc3_std,mfcc2_mean,0.5433424609768993
shimmer_local,jitter_local,0.543323838574697
mfcc6_std,mfcc2_std,0.542946353877371
spec_centroid_std_hz,dmfcc8_std,0.5412963301621637
mfcc12_mean,f0_mean_hz,0.5408059463848699
dmfcc13_std,dmfcc1_std,0.5399410502217318
shimmer_local,jitter_ppq5,0.53988753023041
mfcc10_std,mfcc6_std,0.5390403892298485
mfcc13_std,mfcc7_std,0.5389494234388633
mfcc13_std,dmfcc2_std,0.5389130292073899
f3_std_hz,f3_mean_hz,0.5374960966380661
dmfcc9_std,dmfcc1_std,0.5373705471736813
dmfcc12_std,dmfcc3_std,0.5366722434010507
dmfcc11_std,mfcc3_std,0.5365338348606965
dmfcc13_std,dmfcc5_std,0.5345004432782309
mfcc2_std,mfcc1_mean,0.5333263746132195
mfcc4_std,mfcc2_mean,0.5330776662143183
mfcc6_std,dmfcc3_std,0.531507364602785
dmfcc11_std,mfcc7_std,0.5310213339556782
dmfcc8_std,mfcc3_std,0.5298803720078229
dmfcc7_std,dmfcc1_std,0.5295206504645885
dmfcc7_std,mfcc3_std,0.5294507092899121
dmfcc11_std,dmfcc1_std,0.5279664627413004
spec_flux_std,f0_max_hz,0.5275127429050676
mfcc5_std,dmfcc1_std,0.5272398051251759
shannon_s1_amp,hnr_mean_db,0.5269083581201935
mfcc4_std,dmfcc2_std,0.5268018547235661
spec_flux_std,mfcc3_std,0.5267535196142322
mfcc12_std,mfcc5_std,0.5264916169638464
mfcc2_mean,dmfcc1_std,0.5255807653697768
spec_centroid_std_hz,mfcc9_std,0.525237042117229
dmfcc3_mean,dmfcc1_mean,0.5245490752778571
mfcc13_std,mfcc4_std,0.5221159014102783
mfcc11_std,mfcc3_std,0.5213247217632306
shimmer_local,jitter_rap,0.5203280081880811
mfcc7_std,dmfcc2_std,0.5202628384797446
spec_centroid_mean_hz,f2_mean_hz,0.5198278175951186
shannon_s1_f0,dmfcc2_std,0.5194092635898191
dmfcc9_std,mfcc5_std,0.5181176445927825
dmfcc11_std,mfcc10_std,0.518108304354973
dmfcc13_mean,dmfcc3_mean,0.5177577369751136
dmfcc13_std,dmfcc2_std,0.5171535470868861
dmfcc2_std,hnr_mean_db,0.5167763707434847
mfcc9_std,dmfcc3_std,0.5165627288827529
dmfcc10_std,mfcc8_std,0.5158285161759881
mfcc10_std,dmfcc5_std,0.5151810903755696
mfcc13_std,mfcc2_mean,0.5130400569285823
spec_rolloff_std_hz,mfcc3_std,0.5126807907862793
dmfcc8_std,mfcc2_mean,0.5120093724267745
spec_centroid_mean_hz,mfcc2_mean,0.5116050746223593
mfcc10_std,dmfcc8_std,0.51072388229842
mfcc5_std,mfcc2_std,0.5099405341728607
spec_rolloff_std_hz,mfcc7_std,0.5098844797891676
mfcc13_std,mfcc6_std,0.5093495779496582
mfcc12_std,dmfcc4_std,0.5080117269617551
spec_rolloff_std_hz,mfcc1_std,0.5052926770514786
mfcc9_std,mfcc1_std,0.5052816843833965
dmfcc3_std,mfcc2_mean,0.5048056895523932
mfcc5_std,mfcc1_std,0.5047647485044987
dmfcc9_std,mfcc1_std,0.5044252599280666
dmfcc6_std,dmfcc1_std,0.5039540548628612
dmfcc9_std,mfcc3_std,0.503586526509315
shimmer_apq5,f3_std_hz,0.5035808775597589
dmfcc4_std,hnr_mean_db,0.5027476995236109
spec_centroid_std_hz,mfcc8_std,0.5026102492347972
dmfcc6_std,mfcc2_mean,0.5024960552487064
mfcc7_mean,f4_mean_hz,0.5013075765796476
spec_centroid_std_hz,dmfcc7_std,0.5010205519683548
mfcc9_std,dmfcc1_std,0.49984828225943595
mfcc2_std,f0_max_hz,0.4960697408484137
mfcc10_std,dmfcc4_std,0.4954602899431939
mfcc2_mean,hnr_mean_db,0.49545725142020597
mfcc4_mean,f3_mean_hz,0.49437543059327316
mfcc11_std,mfcc1_std,0.4935757354743119
spec_energy_high_mean,mfcc3_mean,0.4935073556261124
dmfcc10_std,mfcc5_std,0.49292151952765756
dmfcc13_std,mfcc2_mean,0.49231065143562663
tsallis_sq_amp,mfcc1_std,0.4914253601075333
mfcc13_std,dmfcc5_std,0.4899031448662715
dmfcc7_std,mfcc2_mean,0.48987999431424356
mfcc10_std,mfcc2_mean,0.4888683623992367
dmfcc11_std,dmfcc2_std,0.4886516141832633
mfcc13_std,mfcc3_std,0.4881151787888578
mfcc9_std,mfcc2_std,0.48556668891726756
mfcc8_std,mfcc2_std,0.4852387142977343
dmfcc5_std,mfcc2_mean,0.48453862344186577
spec_flux_std,mfcc13_std,0.4837525116351265
dmfcc12_std,mfcc6_std,0.4832786028372443
dmfcc7_std,mfcc2_std,0.4828731520916692
spec_rolloff_mean_hz,mfcc11_mean,0.48090368732847705
spec_centroid_std_hz,mfcc11_std,0.4805002723700552
spec_flux_std,mfcc1_std,0.48015171856830535
spec_rolloff_std_hz,mfcc4_std,0.47938726009972454
mfcc13_std,mfcc2_std,0.47938116322856894
dmfcc11_std,mfcc1_std,0.47895658194596685
dmfcc4_std,mfcc2_mean,0.4785896843958997
spec_flux_std,dmfcc8_std,0.47762185089708303
mfcc5_std,mfcc2_mean,0.4766852746883853
shannon_s1_f0,f0_std_hz,0.4766804969792504
spec_flux_std,spec_centroid_std_hz,0.4765279082394107
dmfcc12_std,mfcc5_std,0.47633549131759795
dmfcc7_std,mfcc1_std,0.4759979426060267
tsallis_sq_f0,dmfcc2_std,0.4756223750005131
dmfcc6_std,dmfcc2_std,0.47495377527159294
shannon_s1_f0,dmfcc1_std,0.47478838936215445
shimmer_apq11,f3_std_hz,0.4737878938132502
mfcc4_mean,f1_mean_hz,0.4733549894637181
shannon_s1_f0,dmfcc5_std,0.47233588040855856
spec_flux_std,mfcc4_std,0.47204676235996995
mfcc2_std,mfcc2_mean,0.47130209602715434
tsallis_sq_amp,mfcc1_mean,0.4712188003629685
dmfcc10_std,mfcc2_mean,0.46960828387063586
mfcc10_std,dmfcc6_std,0.4696000556181732
spec_rolloff_std_hz,dmfcc5_std,0.4692889209056298
shannon_s1_f0,mfcc13_std,0.4691833020110577
spec_rolloff_std_hz,mfcc9_std,0.46898620350523434
mfcc10_std,mfcc3_std,0.4687827935082747
spec_centroid_std_hz,dmfcc6_std,0.4679059255264266
mfcc10_mean,mfcc6_mean,0.46766856732874057
spec_centroid_std_hz,mfcc1_std,0.46703876431204583
dmfcc13_std,f0_mean_hz,0.46699678202711614
mfcc12_std,dmfcc3_std,0.466872019275018
shannon_s1_f0,dmfcc3_std,0.46482991990008815
mfcc8_std,dmfcc2_std,0.46452048521908545
mfcc7_std,mfcc2_mean,0.46421771942760165
mfcc13_std,mfcc5_std,0.46359769601426853
spec_rolloff_std_hz,mfcc10_std,0.4632365548512465
shimmer_local,f3_std_hz,0.4623315774477214
dmfcc10_std,dmfcc1_std,0.4622101900304806
dmfcc9_std,dmfcc2_std,0.46216613889749
spec_energy_high_mean,mfcc1_mean,0.4610570973314559
dmfcc2_std,f0_std_hz,0.4583002737784974
mfcc5_std,dmfcc2_std,0.45816174661091924
shannon_s1_f0,f0_max_hz,0.4576711393671609
spec_energy_low_mean,spec_centroid_mean_hz,0.4573874023539426
mfcc10_std,dmfcc9_std,0.4565640935918188
dmfcc11_std,mfcc2_mean,0.45434091513777275
dmfcc6_std,mfcc1_std,0.45427970049744393
dmfcc7_std,dmfcc2_std,0.4542044367470345
shimmer_apq3,f3_std_hz,0.45412862653149677
mfcc9_std,mfcc2_mean,0.4509862208632319
mfcc10_std,dmfcc3_std,0.45058205306709126
shannon_s1_f0,f0_cv,0.4502134331313348
dmfcc6_std,mfcc3_std,0.44960095826659385
mfcc5_mean,f4_mean_hz,0.4495316233197046
dmfcc5_std,mfcc1_mean,0.4492839771052803
mfcc6_std,f0_max_hz,0.4491580806788922
dmfcc4_std,mfcc1_mean,0.4483791723832244
spec_flux_std,dmfcc11_std,0.44837789129689076
tsallis_sq_f0,dmfcc3_std,0.4482199708669281
mfcc12_mean,mfcc10_mean,0.44793117845810676
spec_rolloff_std_hz,mfcc8_std,0.4475669222008676
f2_mean_hz,f1_mean_hz,0.44718150884455676
spec_flux_mean,dmfcc3_std,0.44688269962698085
tsallis_sq_f0,dmfcc1_std,0.4463752315338131
f1_std_hz,f1_mean_hz,0.4460716301305364
shannon_s1_f0,mfcc11_std,0.4445781649513592
spec_flux_std,mfcc8_std,0.4445262325774727
tsallis_sq_f0,dmfcc5_std,0.44422704119674455
dmfcc6_std,mfcc2_std,0.44326373487149706
spec_rolloff_std_hz,dmfcc1_std,0.4425402284556912
mfcc13_std,mfcc1_std,0.44250771534633904
spec_centroid_std_hz,mfcc13_std,0.4419203741368054
mfcc6_std,mfcc3_std,0.4411283413063673
tsallis_sq_f0,mfcc13_std,0.4410877717379897
spec_flux_std,dmfcc9_std,0.4409532118162294
spec_rolloff_std_hz,dmfcc8_std,0.440606921066516
mfcc11_std,f0_max_hz,0.4395049612064201
mfcc2_mean,f0_mean_hz,0.43895899185221837
dmfcc10_std,mfcc3_std,0.43710735888775215
mfcc9_std,dmfcc2_std,0.4353053268584749
spec_flux_std,dmfcc13_std,0.4346187273796349
mfcc12_std,dmfcc1_std,0.43433755112257894
f4_std_hz,f1_std_hz,0.4335921742978617
f4_std_hz,f2_std_hz,0.4333513086057049
mfcc6_mean,f4_std_hz,0.4332588762784247
mfcc3_mean,f4_mean_hz,0.43216704588254307
dmfcc13_std,mfcc3_std,0.43201891903824297
dmfcc12_mean,dmfcc11_mean,0.43087720692469805
spec_centroid_std_hz,mfcc2_mean,0.4303825046398894
spec_centroid_std_hz,dmfcc11_std,0.4303396628975379
spec_rolloff_mean_hz,mfcc2_mean,0.4291428687659028
spec_centroid_std_hz,dmfcc10_std,0.4286972438636474
shannon_s1_f0,jitter_ppq5,0.42797078761750473
spec_energy_low_mean,mfcc4_mean,0.42739103099855486
spec_flux_mean,dmfcc9_std,0.4266458730471433
shannon_s1_f0,jitter_local,0.4266450890434742
spec_flux_std,mfcc6_std,0.42646616113937946
mfcc3_mean,f3_std_hz,0.4263414139017463
dmfcc9_std,mfcc2_std,0.42600351596283154
dmfcc5_std,hnr_mean_db,0.4257382425154739
mfcc11_std,mfcc2_mean,0.4248131402923511
mfcc13_std,f0_mean_hz,0.4231686328385333
mfcc6_std,f1_std_hz,0.42299304575874563
mfcc5_std,mfcc1_mean,0.42200322363742265
mfcc12_std,mfcc3_std,0.42124145339541513
dmfcc3_std,mfcc3_mean,0.42115450930857506
spec_centroid_mean_hz,mfcc11_mean,0.4210646416041779
dmfcc13_std,mfcc2_std,0.41868018301652393
dmfcc13_std,mfcc1_std,0.4176176834413067
spec_energy_mid_mean,f1_mean_hz,0.417321736223782
dmfcc11_std,mfcc2_std,0.41705982974444494
spec_flux_mean,f0_min_hz,0.4163304719492587
dmfcc12_std,dmfcc1_std,0.41493355112150787
dmfcc8_std,hnr_mean_db,0.41485738299189556
dmfcc8_std,mfcc1_mean,0.4144232319531729
spec_flux_mean,f0_cv,0.41437013447534926
mfcc4_mean,f3_std_hz,0.41366331342192014
spec_rolloff_std_hz,dmfcc4_std,0.41344862196986537
spec_flux_std,hnr_mean_db,0.41278526527700027
f3_std_hz,f2_std_hz,0.41230925813632785
mfcc10_std,dmfcc1_std,0.41230019025857473
mfcc13_std,f0_max_hz,0.4122749628613757
dmfcc12_std,mfcc3_std,0.41162141219262666
mfcc9_mean,f0_min_hz,0.4115977504582525
spec_centroid_std_hz,f0_max_hz,0.4115245754660564
shannon_s1_f0,jitter_rap,0.4114482343540501
spec_energy_high_mean,mfcc11_mean,0.4108407755734011
tsallis_sq_f0,f0_std_hz,0.41082655405433094
dmfcc4_mean,dmfcc1_mean,0.4102808222476756
mfcc13_mean,mfcc3_std,0.41005307981764083
mfcc2_std,f0_std_hz,0.4097527100449293
spec_energy_mid_mean,mfcc3_mean,0.4095489610399966
spec_flux_mean,f0_std_hz,0.4077714110817235
tsallis_sq_f0,f0_max_hz,0.4073081692056689
mfcc12_std,mfcc2_mean,0.4071552891622575
tsallis_sq_f0,jitter_ppq5,0.4071222180227557
mfcc6_mean,mfcc5_mean,0.4069293802886641
mfcc4_std,hnr_mean_db,0.406678049506008
tsallis_sq_f0,jitter_local,0.4066220942419171
shimmer_apq5,f0_min_hz,0.4060452729210334
spec_rolloff_std_hz,spec_rolloff_mean_hz,0.4056852184289738
mfcc4_std,mfcc1_mean,0.4053773593090699
spec_flux_std,mfcc7_std,0.40519097291763473
dmfcc9_std,shimmer_apq11,0.40472596946679573
spec_flux_std,dmfcc7_std,0.40420254589681864
spec_flux_std,shimmer_local,0.40286708430828283
dmfcc10_std,dmfcc2_std,0.40238238917863833
spec_flux_mean,dmfcc5_std,0.402073320781085
dmfcc2_std,f0_cv,0.40192251432058695
dmfcc7_std,shimmer_apq11,0.40138276464544836
dmfcc2_std,mfcc1_mean,0.40118604968996124
tsallis_sq_f0,mfcc11_std,0.4007096799697048
spec_rolloff_std_hz,dmfcc7_std,0.400353807847125
mfcc8_std,mfcc1_mean,0.40032270788372887
dmfcc9_std,mfcc2_mean,0.39991989761712127
shimmer_apq5,jitter_ppq5,0.399886825864483
f2_std_hz,f1_std_hz,0.39922669397313476
f3_mean_hz,f2_std_hz,0.3987127375117021
mfcc10_mean,f4_std_hz,0.3983635961799884
dmfcc7_std,mfcc1_mean,0.39755224343191886
spec_flux_std,mfcc5_std,0.3960545099028727
mfcc6_mean,f0_mean_hz,0.39588067730200605
shannon_s1_f0,mfcc8_std,0.3947051674969794
mfcc6_std,mfcc1_std,0.3942817987466606
dmfcc9_std,mfcc9_mean,0.3941343867682998
shimmer_local,f0_min_hz,0.39395181420184067
mfcc7_std,hnr_mean_db,0.39326553675554243
dmfcc13_std,mfcc5_std,0.39324147279786975
tsallis_sq_f0,jitter_rap,0.3930772627159842
shannon_s1_amp,mfcc1_std,0.3928943022075127
mfcc5_mean,f3_mean_hz,0.39277515953879516
spec_energy_low_mean,mfcc5_mean,0.3923091080406777
spec_rolloff_std_hz,dmfcc3_std,0.39194934838559436
spec_centroid_std_hz,mfcc12_std,0.39170631938890743
mfcc7_mean,mfcc5_mean,0.38975395071065533
dmfcc1_std,f0_max_hz,0.38965939407101435
dmfcc2_std,mfcc2_mean,0.388950064558485
spec_flux_mean,dmfcc4_std,0.38889986227228784
spec_flux_mean,dmfcc1_std,0.38862142573068825
spec_flux_mean,dmfcc7_std,0.38830428061759364
spec_centroid_std_hz,dmfcc9_std,0.3876995379887114
shannon_s1_f0,dmfcc8_std,0.3871202034275446
mfcc6_mean,f1_std_hz,0.38684528454218425
shimmer_apq11,f0_min_hz,0.3862456269752438
mfcc3_mean,mfcc1_std,0.3859312721651749
tsallis_sq_f0,f0_cv,0.38544238197475017
mfcc2_mean,mfcc1_mean,0.3846665295879981
dmfcc13_std,f0_max_hz,0.38451729960816455
mfcc5_mean,f2_std_hz,0.3843827149943294
spec_flux_std,mfcc2_mean,0.38418230261446246
dmfcc12_mean,dmfcc6_mean,0.38410769296282943
dmfcc5_std,f0_max_hz,0.3834482521205565
shannon_s1_f0,spec_flux_mean,0.38304029367934583
shannon_s1_amp,mfcc1_mean,0.3827158562959574
dmfcc11_mean,dmfcc2_mean,0.38252457499670167
mfcc4_std,f0_max_hz,0.3824268402578172
spec_flux_mean,hnr_mean_db,0.3815417925283331
shannon_s1_f0,mfcc2_std,0.3808422177221777
dmfcc2_std,f1_std_hz,0.3790961098992194
dmfcc12_std,mfcc2_mean,0.37903482973442665
shimmer_apq3,f0_min_hz,0.3789060973153064
dmfcc10_std,f0_mean_hz,0.37832177961363067
spec_centroid_mean_hz,mfcc8_mean,0.37803124453781617
spec_flux_std,shimmer_apq11,0.37794007058771034
shannon_s1_f0,dmfcc4_std,0.37780949526730384
dmfcc4_std,f0_max_hz,0.37778922994013026
spec_rolloff_std_hz,dmfcc11_std,0.37700353767486255
dmfcc3_std,shimmer_apq11,0.3768848147222909
mfcc5_mean,f1_mean_hz,0.376839735368672
dmfcc6_mean,dmfcc5_mean,0.3767181079040414
shimmer_apq5,jitter_local,0.3763225984258635
spec_rolloff_mean_hz,mfcc8_mean,0.3761625229844302
mfcc4_std,f0_mean_hz,0.3756800988975056
spec_energy_mid_mean,spec_centroid_mean_hz,0.3756642774904001
dmfcc10_std,mfcc2_std,0.375486170879048
dmfcc7_std,shimmer_apq5,0.3753736343202289
spec_rolloff_std_hz,dmfcc2_std,0.3748522235063926
dmfcc8_mean,dmfcc4_mean,0.37464816579259574
dmfcc9_std,hnr_mean_db,0.37463875161503957
spec_centroid_std_hz,dmfcc13_std,0.37454008411142453
mfcc8_mean,f2_mean_hz,0.3745166202621461
spec_flux_std,dmfcc6_std,0.3739824599893324
spec_flux_std,dmfcc2_mean,0.37391249266218296
tsallis_sq_f0,dmfcc8_std,0.3733902173779279
dmfcc1_std,f0_std_hz,0.3732247432682079
dmfcc5_std,f0_std_hz,0.3718519512575396
mfcc11_std,f0_std_hz,0.3716912642694882
dmfcc10_std,mfcc1_std,0.3714446110400357
dmfcc9_std,shimmer_apq5,0.37118102067141007
dmfcc8_mean,dmfcc1_mean,0.37104023225758415
mfcc10_mean,mfcc9_mean,0.3704639585210537
tsallis_sq_amp,dmfcc1_std,0.36995472259379825
mfcc5_mean,f0_min_hz,0.3695436966814224
tsallis_sq_f0,dmfcc6_std,0.36946717619990344
dmfcc9_std,mfcc1_mean,0.36931767860311454
dmfcc7_std,shimmer_local,0.36829412600207023
spec_energy_high_mean,f0_min_hz,0.3675354846796561
f4_std_hz,f3_mean_hz,0.3675258704481084
spec_rolloff_std_hz,dmfcc6_std,0.36726697094237215
mfcc11_mean,mfcc9_mean,0.3665156781330598
dmfcc6_std,f0_mean_hz,0.3662563445183316
mfcc9_std,shimmer_apq11,0.36609004759015945
mfcc3_mean,dmfcc1_std,0.36607944175346246
tsallis_sq_f0,mfcc8_std,0.3660311115871148
tsallis_sq_amp,mfcc2_std,0.3658744638687258
spec_flux_mean,dmfcc13_std,0.3656157719128506
dmfcc9_std,shimmer_local,0.3654186351417512
shannon_s1_f0,dmfcc6_std,0.3652975756828453
shimmer_apq11,jitter_ppq5,0.3645654138630901
mfcc12_std,mfcc1_std,0.36429489876273236
mfcc9_std,mfcc1_mean,0.3642210814371817
spec_flux_mean,dmfcc11_std,0.36368255268183053
mfcc3_std,mfcc3_mean,0.3636544124504036
shannon_s1_f0,mfcc4_std,0.3635492868729583
dmfcc11_mean,mfcc4_mean,0.36325100534497484
tsallis_sq_amp,spec_energy_mid_mean,0.3629897922858694
spec_flux_std,dmfcc10_std,0.3625840051295328
spec_flux_mean,mfcc13_std,0.3615849847185098
spec_flux_std,shimmer_apq3,0.3615044931771211
mfcc10_std,mfcc2_std,0.361374656446211
mfcc5_mean,f0_mean_hz,0.35929026508898815
shannon_s1_f0,mfcc6_std,0.35899964167089676
mfcc9_mean,f0_mean_hz,0.35876427933442523
mfcc2_std,f0_cv,0.35823653580927295
dmfcc11_std,mfcc1_mean,0.35691949755789176
spec_rolloff_mean_hz,f2_mean_hz,0.356686154299402
tsallis_sq_f0,spec_flux_mean,0.3564783148153657
dmfcc13_mean,jitter_local,0.3562863854036473
spec_flux_mean,jitter_ppq5,0.3561002539615405
dmfcc3_std,shimmer_local,0.35586805120528253
f0_max_hz,f0_min_hz,0.3551605721343722
mfcc13_std,hnr_mean_db,0.3544984606909086
mfcc5_mean,f4_std_hz,0.3543491450559249
spec_flux_std,shimmer_apq5,0.3542993704267991
mfcc13_mean,mfcc1_std,0.3536259292039981
dmfcc11_std,mfcc3_mean,0.35323786794028256
tsallis_sq_f0,dmfcc4_std,0.3530366684650685
mfcc12_std,dmfcc2_std,0.35282855751954756
spec_flux_mean,mfcc11_std,0.35243729731783613
dmfcc4_std,shimmer_apq11,0.3516210433277697
tsallis_sq_f0,mfcc2_std,0.3514717020822572
dmfcc7_std,hnr_mean_db,0.35134624523983365
spec_centroid_std_hz,f1_std_hz,0.35121126388705204
shannon_s1_f0,dmfcc13_std,0.35107865024860796
dmfcc13_mean,jitter_rap,0.3507076517862243
shannon_s1_f0,dmfcc7_std,0.35037276737713546
spec_flux_mean,jitter_local,0.35015242679789654
mfcc9_std,hnr_mean_db,0.3497614104673441
mfcc8_mean,mfcc3_mean,0.3493802512911846
mfcc10_std,f0_mean_hz,0.34930946493789006
mfcc3_mean,shimmer_apq11,0.3492612813749044
f4_mean_hz,f0_mean_hz,0.3492578027165983
shimmer_apq5,jitter_rap,0.34909632101943633
mfcc10_std,dmfcc2_std,0.3488974313293671
f3_std_hz,f0_mean_hz,0.34881768110766576
dmfcc8_std,f0_max_hz,0.34877461684388217
spec_flux_mean,dmfcc12_std,0.34805825666195706
mfcc13_std,shimmer_apq11,0.3477018077751019
spec_flux_std,dmfcc12_std,0.3474284393290893
spec_flux_mean,dmfcc2_std,0.34734737438338753
mfcc5_std,hnr_mean_db,0.3470719285312013
shannon_s1_f0,f1_std_hz,0.346991398932543
dmfcc12_std,mfcc3_mean,0.3466118393912553
spec_rolloff_std_hz,mfcc11_std,0.3460552668451659
mfcc10_mean,f0_mean_hz,0.34593137587464184
tsallis_sq_f0,dmfcc7_std,0.34568657442409484
shannon_s1_f0,mfcc5_std,0.34536587882149494
mfcc10_std,mfcc1_std,0.34498348055586103
mfcc9_mean,mfcc6_mean,0.34474940826198747
dmfcc13_std,f0_min_hz,0.34472415078768753
spec_energy_low_mean,dmfcc7_mean,0.34430144140446084
shannon_s1_f0,dmfcc11_std,0.34390240447437775
mfcc8_std,hnr_mean_db,0.343509721340268
mfcc8_mean,f1_std_hz,0.3434254030875528
mfcc13_mean,dmfcc3_std,0.3431802769886422
shannon_s1_f0,mfcc3_std,0.34317313991752957
tsallis_sq_amp,mfcc3_std,0.34272774041387566
spec_flux_std,mfcc9_std,0.3426645314892005
spec_rolloff_std_hz,hnr_mean_db,0.3422747489267729
dmfcc6_mean,dmfcc2_mean,0.3411988949378377
spec_centroid_std_hz,dmfcc12_std,0.340908084525994
tsallis_sq_f0,mfcc4_std,0.3408216472546042
mfcc13_mean,f3_std_hz,0.3399304669075329
dmfcc9_std,mfcc3_mean,0.3397055798815657
mfcc6_std,f2_std_hz,0.3396086836259463
mfcc10_mean,f0_min_hz,0.33940446419448755
dmfcc12_std,mfcc1_std,0.33928295124828767
spec_rolloff_std_hz,mfcc12_std,0.33904094961317394
shimmer_apq11,jitter_local,0.3385217722050693
dmfcc11_std,shimmer_apq11,0.33766197411780496
spec_rolloff_std_hz,mfcc6_std,0.3365003577552803
tsallis_sq_f0,mfcc6_std,0.3364519037384811
tsallis_sq_f0,f1_std_hz,0.3362439593029769
mfcc6_std,mfcc2_mean,0.3350913601985026
shannon_s1_f0,mfcc2_mean,0.33461280493137785
mfcc4_mean,f4_mean_hz,0.3345722786304951
tsallis_sq_f0,mfcc2_mean,0.33333914025863437
f4_mean_hz,f0_min_hz,0.33287960925768884
dmfcc3_std,f0_max_hz,0.332457469991128
spec_rolloff_std_hz,dmfcc10_std,0.33155777054767893
mfcc3_mean,shimmer_apq5,0.33107299610897123
mfcc9_mean,f4_std_hz,0.33100903474965193
tsallis_sq_f0,mfcc5_std,0.3308499963161498
tsallis_sq_f0,dmfcc13_std,0.33072979387785023
tsallis_sq_f0,mfcc3_std,0.3306470128173792
shannon_s1_f0,dmfcc9_std,0.3305123188702826
dmfcc12_std,dmfcc2_std,0.33023083219144095
spec_flux_mean,f3_std_hz,0.32949690256807823
mfcc6_std,f0_std_hz,0.32927463839066334
shannon_s1_f0,mfcc1_std,0.3285770763030929
spec_energy_low_mean,mfcc12_mean,0.32830662479255274
mfcc11_std,f0_cv,0.32828780715464134
spec_flux_std,mfcc12_std,0.3278140428291563
mfcc11_std,mfcc1_mean,0.32761138913275323
dmfcc12_std,shimmer_apq11,0.32718750928614604
f3_mean_hz,f2_mean_hz,0.32715640894487796
mfcc2_mean,f0_min_hz,0.3268782088407672
mfcc10_mean,mfcc5_mean,0.3268430159900679
dmfcc7_std,mfcc3_mean,0.32654723861422974
dmfcc3_std,shimmer_apq5,0.32642201309870295
spec_flux_mean,dmfcc8_std,0.3260724078525925
dmfcc6_std,hnr_mean_db,0.3260040101960329
dmfcc11_std,hnr_mean_db,0.3253706928428578
spec_centroid_std_hz,dmfcc9_mean,0.32512683132973663
shimmer_apq5,f4_mean_hz,0.3250326319314611
spec_rolloff_std_hz,mfcc1_mean,0.32502509074204644
dmfcc4_std,mfcc3_mean,0.32339704851261925
spec_rolloff_std_hz,f3_std_hz,0.3233025985275574
dmfcc1_std,f0_cv,0.32311745310631035
mfcc9_mean,f4_mean_hz,0.3225807917277096
mfcc11_mean,f0_min_hz,0.322534490477209
mfcc8_std,f0_mean_hz,0.3224333392143495
dmfcc9_std,shimmer_apq3,0.3220246410264632
dmfcc6_std,f3_mean_hz,0.32191120518923944
spec_rolloff_std_hz,mfcc13_std,0.3218516299045447
spec_rolloff_std_hz,spec_centroid_mean_hz,0.3217026260042885
mfcc6_std,f0_mean_hz,0.3210671443808183
spec_energy_high_mean,f0_mean_hz,0.3207122327164128
mfcc12_std,mfcc3_mean,0.3201229120785051
mfcc5_mean,f1_std_hz,0.3201099576059108
mfcc11_std,hnr_mean_db,0.3200373623817378
dmfcc13_mean,dmfcc1_mean,0.3199808054196817
mfcc12_std,mfcc2_std,0.31994737574008913
dmfcc11_std,mfcc9_mean,0.3189184562996237
mfcc9_mean,shimmer_local,0.31736616783201477
spec_flux_mean,jitter_rap,0.31659903747103424
mfcc11_mean,mfcc2_mean,0.31649572447988955
spec_energy_low_mean,f2_mean_hz,0.3162338390960911
dmfcc7_std,shimmer_apq3,0.31587131275506575
mfcc8_std,f0_max_hz,0.31535088123299154
mfcc6_mean,f3_std_hz,0.315264703502878
tsallis_sq_f0,dmfcc9_std,0.31507675219532816
tsallis_sq_f0,dmfcc11_std,0.31506775120084973
dmfcc7_mean,dmfcc6_mean,0.31469563981873416
dmfcc9_mean,mfcc2_std,0.3143489951197269
spec_flux_std,jitter_local,0.31410583240193884
spec_energy_mid_mean,f2_std_hz,0.3139254317826029
dmfcc6_std,mfcc1_mean,0.3137633028717143
tsallis_sq_f0,mfcc1_std,0.3130963809796356
mfcc11_std,f0_mean_hz,0.3127137801124229
mfcc13_mean,dmfcc1_std,0.3123832455412626
mfcc13_std,shimmer_local,0.31221209710679276
mfcc4_mean,f2_std_hz,0.3120609327143771
mfcc8_mean,f3_std_hz,0.3118414180200869
spec_centroid_std_hz,f0_std_hz,0.3117030889450252
shimmer_apq11,f4_mean_hz,0.31125202038860145
mfcc12_mean,mfcc5_mean,0.31118178257862383
shimmer_apq3,f4_mean_hz,0.31115405316285166
spec_rolloff_std_hz,f4_mean_hz,0.310745071584176
mfcc6_mean,f0_min_hz,0.3102696175224935
shimmer_apq11,jitter_rap,0.30976412250970464
dmfcc6_std,f2_std_hz,0.3095027735510257
dmfcc5_std,shimmer_apq11,0.3089994604409566
mfcc12_std,f0_mean_hz,0.3086122031649379
jitter_ppq5,f0_cv,0.3074507879743267
mfcc9_mean,shimmer_apq11,0.30738852959747387
spec_energy_mid_mean,mfcc6_mean,0.3070736225637063
dmfcc13_std,hnr_mean_db,0.30609783188913525
dmfcc5_mean,dmfcc3_mean,0.30602875726623147
spec_flux_std,mfcc4_mean,0.3059877282409672
spec_centroid_std_hz,hnr_mean_db,0.3059787889630067
dmfcc2_std,dmfcc2_mean,0.305909038557892
spec_rolloff_std_hz,dmfcc12_std,0.30519912607909494
dmfcc13_mean,dmfcc9_mean,0.30513605156215007
mfcc2_std,f1_std_hz,0.30506863542272195
mfcc8_std,shimmer_apq11,0.3047394965918921
mfcc9_mean,shimmer_apq5,0.3046253080321576
spec_rolloff_std_hz,dmfcc9_std,0.30452674950601344
dmfcc4_std,shimmer_local,0.30430575504088503
shannon_s1_f0,hnr_mean_db,0.3036931891812526
mfcc11_std,f1_std_hz,0.303585630561553
shimmer_local,f4_mean_hz,0.30347360972653975
dmfcc12_std,f1_mean_hz,0.30311179401970956
mfcc6_std,f1_mean_hz,0.3029108265298878
mfcc12_std,mfcc1_mean,0.3023636658402316
dmfcc8_std,f0_mean_hz,0.3023061445009715
mfcc13_mean,mfcc1_mean,0.3022452898674158
dmfcc10_mean,mfcc10_mean,0.30167377922254157
dmfcc10_mean,dmfcc8_mean,0.30153778349388366
mfcc13_mean,mfcc2_std,0.30140278191966313
spec_energy_mid_mean,mfcc1_std,0.3013982284347311
dmfcc9_mean,dmfcc5_mean,0.30135639858945107
mfcc7_std,mfcc3_mean,0.30102145998694324
dmfcc12_mean,mfcc12_mean,0.3009458067047543
mfcc7_std,mfcc1_mean,0.3006273244358985
dmfcc13_std,shimmer_apq11,0.30042840308592195
dmfcc11_mean,mfcc3_std,0.3002379778496371
spec_flux_std,mfcc10_std,0.29956281297858145
dmfcc12_std,mfcc1_mean,0.2994552312270511
spec_rolloff_mean_hz,f1_mean_hz,0.29937944203763406
shimmer_local,hnr_mean_db,0.29922216051274764
dmfcc1_std,shimmer_local,0.2992151839190146
mfcc11_mean,f0_mean_hz,0.2987070987548205
spec_energy_mid_mean,hnr_mean_db,0.29833095715783386
spec_rolloff_std_hz,f3_mean_hz,0.29832180540841563
mfcc3_std,f1_std_hz,0.29822725635656055
spec_energy_low_mean,mfcc6_std,0.298098224410677
dmfcc5_std,f0_cv,0.2973219266848034
mfcc13_mean,shimmer_apq11,0.2972763577334961
shannon_s1_f0,shimmer_local,0.297200127916738
dmfcc9_mean,dmfcc1_mean,0.2971537303041328
spec_centroid_std_hz,mfcc1_mean,0.2966174263737574
dmfcc4_std,shimmer_apq5,0.2965982002050979
tsallis_sq_f0,f0_mean_hz,0.296550658476315
shannon_s1_f0,f0_mean_hz,0.29610988719893316
mfcc12_mean,mfcc11_mean,0.29608263326564116
shannon_s1_amp,spec_energy_mid_mean,0.29573623097076995
mfcc13_std,mfcc1_mean,0.29523148765917906
spec_energy_mid_mean,mfcc7_mean,0.2950126692361565
mfcc12_mean,f3_std_hz,0.29486775223398026
dmfcc11_mean,dmfcc2_std,0.2947305637292721
spec_flux_mean,mfcc8_std,0.29387221941824604
mfcc9_mean,mfcc1_mean,0.29355901756310915
spec_flux_std,jitter_ppq5,0.293495416264812
mfcc13_mean,mfcc8_mean,0.29331002347614143
f3_std_hz,f0_min_hz,0.2929566838255866
dmfcc13_mean,jitter_ppq5,0.29279773397331565
tsallis_sq_f0,hnr_mean_db,0.29233876741722165
dmfcc12_std,shimmer_apq5,0.2922580636772693
mfcc7_std,f1_mean_hz,0.2920543215326731
dmfcc10_std,f0_max_hz,0.2919705577459994
mfcc7_std,f1_std_hz,0.2915726392131829
dmfcc3_std,f0_std_hz,0.2911952756887406
mfcc9_std,shimmer_apq5,0.29108543995665453
mfcc4_std,f0_std_hz,0.29092046251587733
dmfcc10_std,f0_min_hz,0.2903576539830119
dmfcc11_std,f2_std_hz,0.29034818149183617
spec_energy_mid_mean,f1_std_hz,0.2903194832875955
shannon_s1_f0,dmfcc12_std,0.29017491861922107
dmfcc5_std,mfcc3_mean,0.2901353455630595
dmfcc3_std,f1_std_hz,0.2898226076886364
spec_energy_low_mean,f1_std_hz,0.2895254991155141
mfcc9_mean,shimmer_apq3,0.28882918616558295
dmfcc4_std,f0_std_hz,0.2888082796445519
dmfcc1_std,f1_std_hz,0.2885363690283278
shannon_s1_amp,mfcc2_std,0.2884381391426973
spec_energy_high_mean,mfcc2_mean,0.28834038262239065
dmfcc13_std,shimmer_local,0.2880983214886461
spec_energy_mid_mean,f0_min_hz,0.2879427949619901
dmfcc7_std,f0_mean_hz,0.28782090105674685
dmfcc6_std,f0_max_hz,0.2876005071042504
dmfcc3_std,shimmer_apq3,0.2873372656892492
f3_std_hz,f1_std_hz,0.2872958654715501
mfcc5_mean,shimmer_apq11,0.28729030286634616
dmfcc8_std,f2_std_hz,0.2871870202728142
mfcc3_mean,shimmer_local,0.28695109022303594
dmfcc8_std,shimmer_apq11,0.2868420446368867
spec_energy_low_mean,f0_min_hz,0.2867936861691526
spec_flux_std,jitter_rap,0.28670676535503925
dmfcc12_std,f0_mean_hz,0.2864585432585305
dmfcc2_std,f4_std_hz,0.2862325261346067
mfcc9_std,mfcc3_mean,0.28622844945879156
tsallis_sq_f0,dmfcc12_std,0.2861955492283589
spec_rolloff_mean_hz,mfcc4_mean,0.28600489209848085
spec_flux_mean,mfcc9_std,0.28596516810074335
mfcc12_mean,f4_mean_hz,0.28566108703795506
dmfcc8_mean,dmfcc7_mean,0.2853955891368517
mfcc10_std,f0_max_hz,0.2844791377794566
tsallis_sq_f0,shimmer_local,0.2844312407781124
mfcc9_mean,f1_std_hz,0.2840601293756084
mfcc9_std,f2_std_hz,0.28375831700390614
dmfcc1_std,shimmer_apq11,0.2829822019231851
mfcc13_std,shimmer_apq5,0.28273503977188075
spec_flux_mean,mfcc3_std,0.2824866057827427
mfcc13_std,shimmer_apq3,0.28223805672425817
spec_flux_std,spec_rolloff_std_hz,0.282194786692009
dmfcc6_std,f0_min_hz,0.2820226312463143
mfcc13_mean,hnr_mean_db,0.2812250963639372
shannon_s1_f0,shimmer_apq3,0.28099452581123086
mfcc13_mean,shimmer_apq5,0.28053951870471744
shannon_s1_amp,dmfcc1_std,0.28008069690113085
mfcc13_mean,shimmer_local,0.2795914539020579
spec_flux_mean,dmfcc10_std,0.27940805005450414
dmfcc12_mean,dmfcc10_mean,0.27936240111468713
mfcc4_std,f1_std_hz,0.27925805704477635
shannon_s1_f0,mfcc4_mean,0.27925659846073364
spec_centroid_std_hz,mfcc13_mean,0.2792379710754492
dmfcc5_std,f1_std_hz,0.27910898886666113
dmfcc13_std,mfcc1_mean,0.27865918806590084
mfcc3_std,f4_std_hz,0.2785236027055064
spec_energy_mid_mean,dmfcc1_std,0.27838135264568575
mfcc6_std,f3_mean_hz,0.2777946379120866
mfcc4_mean,dmfcc3_std,0.2774563198505705
spec_centroid_mean_hz,f1_std_hz,0.2768436713432439
spec_energy_high_mean,mfcc4_mean,0.2767557088785681
mfcc5_std,f1_std_hz,0.2761876619832262
dmfcc9_mean,dmfcc1_std,0.27583169551774206
shannon_s1_amp,shimmer_apq5,0.27524052679781963
dmfcc7_mean,jitter_rap,0.27521762496142066
dmfcc6_std,f1_mean_hz,0.2751145958936353
dmfcc7_mean,jitter_local,0.2750169061935326
mfcc9_mean,mfcc1_std,0.2749048559631327
mfcc13_std,f0_std_hz,0.27461357713512
mfcc12_std,hnr_mean_db,0.2743216930482564
dmfcc3_std,f4_std_hz,0.2733379598286076
mfcc11_std,shimmer_apq11,0.2723881787145218
dmfcc11_mean,dmfcc3_mean,0.2723114413759246
dmfcc7_mean,dmfcc5_mean,0.27227904310259876
mfcc12_mean,dmfcc10_mean,0.27145304476242127
shimmer_apq5,f0_mean_hz,0.27125627189233026
dmfcc10_std,hnr_mean_db,0.2709064296826361
dmfcc2_mean,f0_std_hz,0.2705166701922717
dmfcc13_std,shimmer_apq5,0.270439444113024
dmfcc11_std,f3_std_hz,0.2704377777620221
dmfcc4_mean,mfcc4_std,0.2698839586886495
mfcc7_std,f0_max_hz,0.2696907352498744
dmfcc4_std,f0_mean_hz,0.2696881290103932
tsallis_sq_f0,mfcc4_mean,0.2693697079590949
mfcc9_mean,dmfcc4_std,0.26863568516616243
jitter_ppq5,f0_std_hz,0.26856833502151806
mfcc6_std,f0_cv,0.2679435896559043
mfcc5_mean,shimmer_apq5,0.26728712873091454
mfcc6_mean,f0_max_hz,0.2671353697244048
spec_energy_low_mean,mfcc7_std,0.2669791732655604
f1_std_hz,f0_max_hz,0.26685600282273647
dmfcc11_mean,f4_std_hz,0.2667683994613983
dmfcc11_std,shimmer_apq5,0.26650995771469926
f4_mean_hz,f3_mean_hz,0.2665012154878883
shannon_s1_f0,mfcc12_std,0.266496685430056
tsallis_sq_f0,shimmer_apq3,0.26619886315288027
mfcc6_mean,shimmer_apq5,0.26617782379915517
spec_energy_mid_mean,mfcc13_mean,0.2660581752929132
jitter_local,f0_cv,0.2660490900911081
spec_flux_mean,mfcc2_std,0.26585177321753295
mfcc10_std,mfcc1_mean,0.2657324049014247
mfcc11_mean,mfcc3_mean,0.26552221077869065
shimmer_apq3,hnr_mean_db,0.2654068191811289
mfcc7_std,shimmer_apq11,0.26521860517461565
mfcc4_mean,mfcc3_std,0.26501783657902095
mfcc8_mean,mfcc1_mean,0.26486532814657876
mfcc1_mean,f3_std_hz,0.26470919398738907
shannon_s1_amp,shimmer_apq11,0.26457837209603935
mfcc9_mean,mfcc3_mean,0.2644239567016065
mfcc3_mean,f0_min_hz,0.2642240835576924
dmfcc9_mean,hnr_mean_db,0.2638211689886294
mfcc8_std,f1_std_hz,0.2637402993626049
spec_centroid_mean_hz,f2_std_hz,0.2635889873277173
mfcc7_mean,f3_std_hz,0.2632662929857872
mfcc9_std,shimmer_local,0.2631255938859741
spec_energy_high_mean,mfcc6_mean,0.26307640337326865
spec_energy_mid_mean,mfcc2_std,0.2628389724429343
mfcc9_mean,dmfcc5_std,0.2627421657519397
mfcc1_mean,f4_mean_hz,0.2624212146879199
mfcc8_std,f0_std_hz,0.2622474493750367
dmfcc3_mean,dmfcc2_std,0.26183236946390204
mfcc9_mean,mfcc5_std,0.2617458440160184
spec_centroid_mean_hz,mfcc1_mean,0.26145278473379124
mfcc10_std,f0_min_hz,0.2613263561546329
spec_centroid_mean_hz,f3_std_hz,0.2609197132939485
shannon_s1_amp,shimmer_apq3,0.26073434675073426
dmfcc8_mean,dmfcc2_std,0.26066340137135735
dmfcc7_std,f1_mean_hz,0.26062570184626677
dmfcc9_mean,dmfcc3_mean,0.2606040578225108
shimmer_apq3,f0_cv,0.26038405252281027
mfcc12_std,f0_max_hz,0.2601538099560218
mfcc5_std,mfcc3_mean,0.25969894978240043
shannon_s1_f0,shimmer_apq11,0.2594640643479595
dmfcc7_std,f0_max_hz,0.25932373709160467
dmfcc7_std,f1_std_hz,0.25919976764969493
mfcc13_mean,f0_min_hz,0.2587225232590546
shannon_s1_f0,spec_centroid_std_hz,0.2584653573006056
spec_energy_low_mean,mfcc6_mean,0.2580117500777801
spec_energy_low_mean,mfcc3_mean,0.25769452998294334
mfcc10_std,shimmer_apq11,0.2571948506426762
dmfcc1_std,shimmer_apq5,0.25715921882434495
dmfcc9_std,dmfcc8_mean,0.25656636142957556
mfcc6_std,hnr_mean_db,0.25612527783758793
mfcc9_std,f1_std_hz,0.2560533985860805
mfcc6_mean,f1_mean_hz,0.2559582936857057
mfcc4_mean,dmfcc2_std,0.2559528480162519
tsallis_sq_f0,mfcc12_std,0.2556564549633911
mfcc13_mean,dmfcc9_std,0.25563774874747813
dmfcc12_std,shimmer_local,0.2549526867562343
dmfcc9_std,f3_std_hz,0.2548185115099051
dmfcc9_mean,mfcc4_std,0.25481038898308384
spec_flux_mean,mfcc12_std,0.25461432087180563
shimmer_local,f0_mean_hz,0.2545919131786702
spec_centroid_mean_hz,f0_min_hz,0.2542102517128614
shimmer_local,f0_cv,0.25393520612593007
spec_flux_mean,mfcc6_std,0.25345630260857166
dmfcc6_mean,dmfcc3_mean,0.25304751950148036
spec_centroid_mean_hz,f0_mean_hz,0.25303059959593155
dmfcc9_mean,dmfcc2_std,0.2527189719669288
mfcc3_mean,shimmer_apq3,0.2525783446687795
mfcc3_mean,hnr_mean_db,0.25255030407983864
dmfcc13_std,mfcc12_mean,0.2523209361104795
dmfcc11_std,f0_mean_hz,0.2521968005025135
mfcc13_mean,shimmer_apq3,0.25205485348701534
spec_flux_mean,mfcc9_mean,0.251788212334473
dmfcc11_mean,mfcc4_std,0.2515468484293695
mfcc6_mean,shimmer_apq11,0.25103209621300115
dmfcc13_std,shimmer_apq3,0.25078281459786456
spec_energy_high_mean,dmfcc3_std,0.25073958560617404
jitter_ppq5,f0_min_hz,0.25065893851476023
spec_energy_low_mean,dmfcc7_std,0.25011039551809805
dmfcc1_std,shimmer_apq3,0.24991074290303084
dmfcc13_mean,dmfcc10_mean,0.24972027854268933
spec_flux_std,dmfcc10_mean,0.2495953686496196
mfcc13_std,dmfcc11_mean,0.2495168147588805
mfcc6_std,f3_std_hz,0.24930787004756935
spec_energy_low_mean,f0_mean_hz,0.24926367646266603
shannon_s1_amp,mfcc3_std,0.24922973982588043
tsallis_sq_f0,shimmer_apq11,0.24866560563851453
dmfcc9_mean,dmfcc4_mean,0.2482667224027867
dmfcc11_std,shimmer_local,0.2481788990960379
mfcc10_std,hnr_mean_db,0.2478274508137122
mfcc13_std,f0_min_hz,0.24755426362867886
mfcc12_std,mfcc11_mean,0.24753506894468102
spec_flux_mean,mfcc7_std,0.2475172633782369
mfcc9_std,f3_std_hz,0.24747467498989653
mfcc13_std,f0_cv,0.24736622218367071
shannon_s1_amp,mfcc6_std,0.24722805743914003
dmfcc6_std,shimmer_apq11,0.24719874272833142
mfcc9_mean,dmfcc8_std,0.24719390253914908
spec_energy_high_mean,f4_std_hz,0.2466840870619858
spec_energy_mid_mean,f0_mean_hz,0.2466144449207386
jitter_local,hnr_mean_db,0.2464438859876909
mfcc12_std,shimmer_apq11,0.24632050029849042
dmfcc10_mean,dmfcc1_std,0.24618598447480042
dmfcc3_std,f0_cv,0.24613258136078947
shannon_s1_amp,shimmer_local,0.24579667411832248
dmfcc13_mean,shimmer_apq3,0.24568993619143664
jitter_ppq5,hnr_mean_db,0.24548508076868286
dmfcc12_std,mfcc2_std,0.24536446163839828
spec_energy_mid_mean,mfcc5_std,0.2449506149344274
dmfcc3_mean,dmfcc2_mean,0.24482686478501797
mfcc5_mean,shimmer_local,0.2447021285805341
shannon_s1_amp,mfcc10_mean,0.24468186506041792
spec_rolloff_std_hz,dmfcc9_mean,0.2446772793923134
mfcc13_mean,mfcc9_std,0.2445268718048205
spec_flux_mean,dmfcc6_std,0.2443463351858417
spec_energy_high_mean,dmfcc1_std,0.24429461923335688
mfcc8_mean,jitter_ppq5,0.2441933473783131
mfcc5_mean,mfcc4_mean,0.24413022344273813
mfcc3_mean,f1_std_hz,0.24407605018355744
mfcc11_std,f2_std_hz,0.24401844222302366
dmfcc6_mean,mfcc1_mean,0.2439353092051924
spec_centroid_std_hz,f0_cv,0.2439242048258078
dmfcc8_mean,dmfcc3_mean,0.24346261128648042
mfcc6_std,mfcc3_mean,0.2433345641402447
mfcc13_mean,mfcc9_mean,0.24315843319532945
dmfcc5_std,f0_mean_hz,0.2430219281000316
spec_energy_high_mean,mfcc8_mean,0.24301716207032256
mfcc4_mean,f0_std_hz,0.2429671660814389
dmfcc9_std,f2_std_hz,0.24263801182380315
dmfcc5_std,shimmer_apq5,0.2425270973696668
spec_rolloff_std_hz,mfcc13_mean,0.24209438861335536
shimmer_apq11,f0_mean_hz,0.2420795211428059
dmfcc2_mean,f0_cv,0.24184572725950265
dmfcc5_std,f2_std_hz,0.24178287222227937
mfcc6_mean,shimmer_local,0.24155086524139185
jitter_rap,f1_std_hz,0.2411576006992903
dmfcc10_mean,dmfcc2_std,0.24106551938043475
dmfcc13_std,f1_std_hz,0.2409352647348131
mfcc10_std,mfcc6_mean,0.2407722992355307
dmfcc13_std,f2_std_hz,0.24056873167274764
jitter_rap,hnr_mean_db,0.2403964864635002
dmfcc2_std,f0_mean_hz,0.24021830211808143
dmfcc7_mean,f1_mean_hz,0.2401636188129376
tsallis_sq_f0,spec_centroid_std_hz,0.24003452279154774
dmfcc13_mean,dmfcc7_mean,0.23980785331162063
dmfcc6_std,mfcc3_mean,0.23971824377760617
mfcc13_mean,dmfcc4_std,0.2395269480388001
dmfcc1_mean,f0_std_hz,0.23945134930276255
shimmer_apq3,f0_mean_hz,0.2390488096750418
dmfcc11_mean,dmfcc6_mean,0.2380089029372811
mfcc13_std,f1_std_hz,0.23748608073151473
dmfcc7_mean,mfcc4_mean,0.23734175257690118
mfcc13_mean,dmfcc2_std,0.2372423333035384
dmfcc1_std,f4_std_hz,0.23698154406409738
dmfcc11_mean,dmfcc1_std,0.23679402501019461
mfcc10_std,f1_std_hz,0.23678497963974693
mfcc7_std,shimmer_apq5,0.23677824558790336
mfcc2_mean,f0_max_hz,0.23673458009347065
mfcc13_mean,mfcc3_mean,0.23656191742529914
shimmer_apq5,hnr_mean_db,0.23647244889728491
f0_cv,f0_min_hz,0.23637085368180955
shannon_s1_amp,dmfcc10_mean,0.2361171871251864
mfcc13_mean,dmfcc8_mean,0.23591490476027677
dmfcc9_mean,f0_max_hz,0.23591461145371673
spec_flux_mean,mfcc1_std,0.23584950022642445
mfcc4_mean,dmfcc1_std,0.23582256063002208
dmfcc12_std,hnr_mean_db,0.2357788568431303
mfcc5_std,f0_max_hz,0.23572431235031532
dmfcc4_std,shimmer_apq3,0.2354383506885274
mfcc12_std,f1_std_hz,0.23529273776889081
mfcc1_std,f0_max_hz,0.23518145270627566
spec_flux_mean,mfcc13_mean,0.23517679290838564
shimmer_apq11,f0_cv,0.23505285458917555
mfcc2_std,f4_std_hz,0.23503410602033528
dmfcc3_std,f3_std_hz,0.23482593320446649
dmfcc10_mean,mfcc9_std,0.2347882658298443
mfcc7_std,shimmer_local,0.2345335014736651
spec_flux_std,dmfcc13_mean,0.23450456849157922
shimmer_apq11,hnr_mean_db,0.23440953167808465
spec_flux_mean,spec_centroid_std_hz,0.2339146512679396
jitter_local,f0_std_hz,0.2338708635490958
mfcc5_mean,shimmer_apq3,0.2338054741508391
dmfcc8_std,mfcc3_mean,0.23377243821269547
shimmer_apq5,f0_cv,0.23365035698632872
f4_std_hz,f0_mean_hz,0.23337024801047754
spec_flux_mean,f2_std_hz,0.2333136112635927
dmfcc13_std,mfcc3_mean,0.23305006347789026
spec_energy_mid_mean,dmfcc7_std,0.23300518286320557
mfcc6_mean,dmfcc3_mean,0.23274507760642302
spec_energy_mid_mean,mfcc10_mean,0.2326860482658144
mfcc1_mean,f1_mean_hz,0.2324330016546795
mfcc13_mean,dmfcc3_mean,0.23203792119380723
dmfcc8_std,f1_std_hz,0.2318984046387409
mfcc6_mean,dmfcc2_std,0.2318718420682497
dmfcc4_std,f0_cv,0.2318229891752814
mfcc2_mean,f3_mean_hz,0.23145166069455508
mfcc3_mean,mfcc2_std,0.2314026444416825
dmfcc7_mean,jitter_ppq5,0.23124414809016727
mfcc9_mean,mfcc7_std,0.23026429636590304
mfcc10_std,dmfcc5_mean,0.22983324200010904
mfcc1_std,f3_std_hz,0.22983119914869107
mfcc10_mean,f3_std_hz,0.2294440955204876
mfcc11_mean,f2_std_hz,0.22941873125493206
dmfcc9_mean,mfcc6_std,0.22931265814368346
mfcc7_mean,f2_std_hz,0.2292319455667113
mfcc6_mean,shimmer_apq3,0.22881752801539446
dmfcc1_std,jitter_local,0.22880714182790798
dmfcc3_mean,f1_std_hz,0.228661208160753
dmfcc8_mean,mfcc3_mean,0.22848005308384858
jitter_rap,f0_cv,0.22834399817680703
mfcc5_mean,f3_std_hz,0.22829529715744787
dmfcc6_std,f3_std_hz,0.22812350552369165
shimmer_apq3,f0_std_hz,0.22802107925056458
spec_rolloff_std_hz,dmfcc13_std,0.22736209922309103
dmfcc9_std,f0_max_hz,0.2270827736535884
mfcc4_std,mfcc3_mean,0.2270665109572424
jitter_local,f1_std_hz,0.2270134906680293
mfcc9_mean,dmfcc1_std,0.22643772617384736
dmfcc11_std,f0_max_hz,0.22613047367723677
spec_energy_low_mean,mfcc10_mean,0.2260392052791592
dmfcc8_std,f0_std_hz,0.2259608545319377
mfcc4_mean,f0_cv,0.2259135263613893
mfcc6_mean,mfcc4_mean,0.22564816296042298
dmfcc8_mean,mfcc8_mean,0.22553763607204394
mfcc12_mean,dmfcc10_std,0.22527954491154248
mfcc7_std,f3_mean_hz,0.22519363355779345
spec_flux_std,f1_std_hz,0.22514712014787835
mfcc6_std,f0_min_hz,0.2247286997535419
mfcc6_std,shimmer_apq5,0.2246803619532663
spec_energy_mid_mean,dmfcc5_std,0.22461287736445562
mfcc6_std,shimmer_apq11,0.22449166138411603
dmfcc5_mean,dmfcc1_mean,0.22433602547793202
spec_centroid_std_hz,f2_std_hz,0.22430203481541552
mfcc6_mean,f4_mean_hz,0.22424682533916976
dmfcc9_mean,mfcc1_std,0.2240995689487698
dmfcc6_std,f1_std_hz,0.22395183860357287
shannon_s1_f0,shimmer_apq5,0.22388209601007686
mfcc9_mean,hnr_mean_db,0.22376644769705475
mfcc6_std,mfcc1_mean,0.22366164138978042
dmfcc4_std,f3_std_hz,0.2232473726676517
dmfcc9_mean,dmfcc3_std,0.22299409208087517
mfcc6_mean,mfcc4_std,0.22279923571267551
dmfcc6_std,mfcc5_mean,0.222631296668566
mfcc11_std,shimmer_apq5,0.22260492059251122
dmfcc11_mean,mfcc6_mean,0.22257197713027968
shannon_s1_amp,mfcc11_mean,0.22254439601745116
dmfcc13_mean,mfcc13_mean,0.2222943186959536
spec_rolloff_std_hz,mfcc12_mean,0.2221161764492087
shannon_s1_amp,spec_rolloff_mean_hz,0.22205664744897533
mfcc13_mean,f3_mean_hz,0.22201103803096084
mfcc13_mean,f0_mean_hz,0.22199746319289457
mfcc9_std,f3_mean_hz,0.22188479379683196
dmfcc1_std,jitter_rap,0.22187105820303563
spec_energy_mid_mean,mfcc5_mean,0.22175464436123535
tsallis_sq_f0,mfcc1_mean,0.22174044498091486
dmfcc11_mean,mfcc8_std,0.22171505305029038
shannon_s1_f0,mfcc1_mean,0.22167373723864897
dmfcc4_std,f4_std_hz,0.22162564908088808
mfcc1_std,f0_std_hz,0.22140681263382142
spec_energy_mid_mean,mfcc3_std,0.22133833211689644
dmfcc12_mean,dmfcc2_mean,0.22120916558927
mfcc11_std,mfcc6_mean,0.22116665396553087
dmfcc13_mean,dmfcc2_std,0.2211591637404424
mfcc5_mean,mfcc3_mean,0.22107076698266284
mfcc8_mean,mfcc7_mean,0.22092605272196872
mfcc12_std,shimmer_apq5,0.2208124136335561
mfcc4_mean,f0_max_hz,0.22071779294307997
spec_energy_high_mean,mfcc1_std,0.22068471871500306
mfcc6_std,shimmer_local,0.22063773127116024
dmfcc6_std,shimmer_apq5,0.22031896818238927
mfcc7_std,f0_mean_hz,0.22029662403861874
mfcc4_std,f0_min_hz,0.2201186035007782
shimmer_local,f0_std_hz,0.2201026094320463
mfcc3_std,shimmer_apq11,0.2199933821375248
dmfcc5_std,shimmer_local,0.21969240470934503
mfcc4_mean,dmfcc2_mean,0.21948538711989915
mfcc5_std,f2_std_hz,0.21947163230575437
mfcc7_std,f3_std_hz,0.2191423003791039
dmfcc13_mean,dmfcc6_mean,0.219104110911942
mfcc5_std,f0_std_hz,0.2191016968587412
f1_std_hz,f0_mean_hz,0.21866117798058407
dmfcc4_mean,dmfcc2_std,0.2186513150049702
spec_centroid_mean_hz,dmfcc8_mean,0.21862104143696975
mfcc3_mean,dmfcc2_std,0.21812167899224819
dmfcc2_std,shimmer_local,0.21807137692350562
mfcc9_mean,dmfcc7_std,0.21778921529657252
dmfcc1_std,f3_std_hz,0.21743161610594494
dmfcc2_mean,f0_max_hz,0.216830739931957
mfcc9_std,mfcc9_mean,0.21665222258908926
dmfcc3_std,f0_mean_hz,0.21648084169444992
mfcc9_mean,dmfcc3_std,0.21631566753251166
mfcc12_std,f1_mean_hz,0.21607762160558747
dmfcc10_std,shimmer_apq11,0.2158698723199019
spec_flux_mean,mfcc12_mean,0.2157448507444595
spec_flux_mean,dmfcc13_mean,0.21570633803996664
tsallis_sq_amp,mfcc6_std,0.21566031144861705
dmfcc13_mean,shimmer_local,0.21557881804897489
mfcc13_mean,dmfcc8_std,0.21544767958685304
shannon_s1_f0,dmfcc2_mean,0.2153952679922784
mfcc8_std,mfcc3_mean,0.21501715734659105
dmfcc11_mean,dmfcc4_std,0.21487590777257914
dmfcc11_mean,mfcc11_std,0.21469208724579628
mfcc7_mean,f3_mean_hz,0.2146073702049247
f4_mean_hz,f0_max_hz,0.21452105083609369
dmfcc10_std,mfcc1_mean,0.21448050372330976
mfcc8_mean,mfcc6_mean,0.21423519990911669
mfcc9_mean,f3_std_hz,0.2142244625931669
tsallis_sq_amp,spec_rolloff_mean_hz,0.21415340692256463
mfcc13_mean,mfcc12_mean,0.21408877042532556
mfcc11_mean,f0_cv,0.21396241573475658
spec_energy_high_mean,mfcc3_std,0.21381837880860136
dmfcc7_mean,dmfcc1_mean,0.21377321174700714
dmfcc3_mean,jitter_rap,0.21367805800276762
dmfcc8_std,shimmer_apq5,0.21330390226592683
mfcc12_mean,f0_cv,0.2131038694032081
mfcc4_std,f2_std_hz,0.21309464611915283
mfcc9_mean,dmfcc8_mean,0.21305256761748717
mfcc8_mean,jitter_local,0.21302218331487954
jitter_local,f0_min_hz,0.21273932526706607
spec_energy_mid_mean,mfcc11_mean,0.21268479698024148
shannon_s1_amp,dmfcc13_mean,0.21263592933708964
mfcc3_std,f0_max_hz,0.21259836361414008
dmfcc9_mean,f0_std_hz,0.21251076958892798
shannon_s1_f0,mfcc9_std,0.2123834748329993
mfcc11_std,mfcc3_mean,0.21221847442206476
mfcc8_std,f2_std_hz,0.2121512526535889
dmfcc13_mean,dmfcc11_mean,0.21210832291711307
dmfcc6_std,shimmer_local,0.21173782386678516
tsallis_sq_f0,shimmer_apq5,0.2116089336027605
mfcc6_std,mfcc5_mean,0.21146795461232762
dmfcc12_std,f2_mean_hz,0.21145919321000126
mfcc13_std,mfcc6_mean,0.21127717788732953
mfcc7_mean,mfcc6_mean,0.21110829868611566
dmfcc2_std,jitter_local,0.21087076777899433
tsallis_sq_amp,dmfcc10_mean,0.21081622171744768
spec_energy_mid_mean,spec_centroid_std_hz,0.21080974701527458
spec_energy_low_mean,mfcc10_std,0.21050344486230016
tsallis_sq_amp,mfcc10_mean,0.2102851297769599
mfcc8_mean,jitter_rap,0.20999344295859537
dmfcc8_mean,mfcc2_std,0.20971789075978917
dmfcc3_mean,jitter_local,0.2095336871193898
dmfcc13_std,f1_mean_hz,0.20948732253419333
mfcc12_mean,mfcc9_mean,0.20931291811422964
mfcc13_std,jitter_local,0.20903111927340565
mfcc12_std,dmfcc11_mean,0.20879619090252194
dmfcc10_mean,shimmer_apq11,0.20879160707103156
spec_centroid_std_hz,f0_mean_hz,0.20879120860381584
dmfcc8_std,shimmer_local,0.20874973571974245
dmfcc10_std,mfcc6_mean,0.20840592407970485
spec_energy_low_mean,dmfcc6_std,0.20838076399212666
mfcc13_mean,f4_mean_hz,0.20784708204485708
tsallis_sq_amp,dmfcc3_std,0.20751091396058827
spec_flux_std,mfcc1_mean,0.2073695371938906
dmfcc13_std,dmfcc11_mean,0.20731608462760184
shimmer_apq11,f0_std_hz,0.20718338318234553
dmfcc7_std,f2_std_hz,0.206992379870819
mfcc10_std,mfcc3_mean,0.20685662837359314
mfcc11_mean,dmfcc9_std,0.20664420749500456
dmfcc2_std,jitter_rap,0.20630470994431066
spec_energy_mid_mean,spec_energy_low_mean,0.20611466299753892
mfcc3_mean,f0_mean_hz,0.20584080696296717
spec_rolloff_std_hz,dmfcc3_mean,0.20577208404039282
dmfcc10_mean,f4_mean_hz,0.20576621017071756
shannon_s1_f0,dmfcc10_std,0.20561566436799214
spec_centroid_mean_hz,dmfcc10_mean,0.20549968711927902
dmfcc8_std,f3_std_hz,0.2052139151045236
mfcc5_mean,dmfcc3_mean,0.20519895495608775
f4_std_hz,f0_min_hz,0.20484489228920644
mfcc8_mean,dmfcc6_mean,0.2048410389778028
dmfcc8_mean,f1_mean_hz,0.20481095049068596
spec_centroid_std_hz,f3_mean_hz,0.20460274883181137
shannon_s1_f0,mfcc7_std,0.2045583448740389
mfcc5_std,f0_mean_hz,0.20442817044361855
dmfcc11_mean,mfcc1_std,0.20422121830461723
dmfcc1_mean,f0_cv,0.20421055097745572
mfcc13_mean,mfcc7_std,0.20420168768852923
mfcc5_std,shimmer_apq11,0.2041018893206113
dmfcc12_std,f2_std_hz,0.20409124200494147
mfcc11_std,shimmer_local,0.204074806164062
dmfcc12_std,shimmer_apq3,0.20407403762558393
dmfcc8_mean,dmfcc6_std,0.20395971317518527
spec_flux_mean,mfcc10_std,0.20395003759048222
dmfcc8_std,dmfcc8_mean,0.20389726880334483
dmfcc2_std,f2_std_hz,0.2036850824370335
shimmer_apq5,f0_std_hz,0.20361571884019986
shannon_s1_amp,dmfcc6_std,0.2035079265700078
spec_energy_mid_mean,f4_mean_hz,0.2033391894610856
dmfcc1_std,jitter_ppq5,0.20326754231822036
mfcc13_mean,f4_std_hz,0.2030366415371136
mfcc9_mean,mfcc8_std,0.20299181256543364
mfcc4_std,f0_cv,0.20291885615785543
mfcc13_std,jitter_rap,0.20288267071464197
shannon_s1_f0,mfcc10_std,0.20287154666531448
dmfcc12_std,f1_std_hz,0.20281771629611267
mfcc12_std,mfcc6_mean,0.2026098711419036
dmfcc4_std,f2_std_hz,0.20253040750841547
shannon_s1_amp,f3_std_hz,0.20249011143921236
mfcc10_mean,shimmer_apq11,0.20233019639087801
f3_mean_hz,f1_std_hz,0.20223316005490086
spec_flux_mean,mfcc4_std,0.20220557507754966
mfcc12_mean,shimmer_apq11,0.20206542086643817
mfcc1_std,shimmer_apq11,0.20198563987419013
dmfcc11_mean,f0_mean_hz,0.20195863058307087
f3_std_hz,f0_max_hz,0.20193147604924955
spec_energy_mid_mean,dmfcc9_mean,0.20188646935408747
dmfcc10_std,f2_std_hz,0.20182632273022505
spec_energy_mid_mean,f4_std_hz,0.20181520393754085
mfcc12_std,f0_min_hz,0.20174182037339858
mfcc3_std,f0_std_hz,0.20101562228724376
dmfcc4_mean,mfcc2_std,0.2009147902248083
tsallis_sq_amp,dmfcc9_mean,0.20089319481646525
mfcc9_std,shimmer_apq3,0.20087698299260748
f4_std_hz,f3_std_hz,0.20057858235273604
spec_energy_mid_mean,dmfcc3_std,0.20042168108001387
tsallis_sq_amp,mfcc7_mean,0.20023375131153487
jitter_rap,f0_std_hz,0.20022506899536494
dmfcc10_mean,mfcc3_mean,0.20012923448648873
tsallis_sq_amp,shimmer_apq5,0.19998887495879392
dmfcc10_mean,f3_std_hz,0.19998569841128105
spec_rolloff_mean_hz,f3_mean_hz,0.19909242619237316
spec_energy_mid_mean,dmfcc4_mean,0.19903051816278683
mfcc13_mean,mfcc11_mean,0.19872712060924233
mfcc12_mean,shimmer_apq5,0.1983443947532085
tsallis_sq_f0,mfcc9_std,0.19826351269613818
spec_energy_high_mean,f1_mean_hz,0.19806085864181824
shannon_s1_amp,spec_flux_mean,0.19767170553818852
spec_flux_std,dmfcc6_mean,0.19748738581580327
dmfcc10_std,mfcc10_mean,0.19727223178311432
mfcc13_std,jitter_ppq5,0.19715503942531418
dmfcc10_std,shimmer_apq5,0.19662660987430539
mfcc11_mean,f4_mean_hz,0.19660924817563177
dmfcc8_mean,mfcc1_mean,0.1965944591639811
mfcc9_std,dmfcc7_mean,0.19654073604896022
spec_energy_mid_mean,f3_std_hz,0.19637768363189956
tsallis_sq_amp,dmfcc13_mean,0.19600642511183503
spec_energy_low_mean,dmfcc9_mean,0.19594919937686317
dmfcc7_std,f3_std_hz,0.19587580140383237
spec_flux_mean,mfcc5_std,0.1958564448638351
spec_energy_low_mean,spec_rolloff_mean_hz,0.19571193840877593
tsallis_sq_amp,shimmer_apq3,0.1956332702618042
mfcc6_mean,dmfcc2_mean,0.1955331304171402
dmfcc13_mean,dmfcc5_mean,0.1952956902816767
spec_flux_mean,f0_mean_hz,0.1952912369569807
tsallis_sq_amp,mfcc11_mean,0.1951684465497605
spec_energy_mid_mean,dmfcc2_std,0.195018638247905
mfcc7_mean,mfcc1_mean,0.19452495567128522
mfcc1_std,f4_mean_hz,0.19433301321893043
dmfcc6_mean,jitter_local,0.19424705928318195
dmfcc3_std,jitter_local,0.19419113677353875
dmfcc11_std,shimmer_apq3,0.19409868780407608
spec_centroid_mean_hz,shimmer_apq5,0.1939203174829254
mfcc8_std,f0_cv,0.19380541611880917
dmfcc11_mean,dmfcc7_mean,0.19376369551650757
mfcc10_mean,mfcc8_mean,0.19344644171401143
mfcc3_mean,jitter_ppq5,0.1933214887167645
mfcc13_std,f4_std_hz,0.19329390316880965
f2_mean_hz,f1_std_hz,0.19328866379922044
spec_flux_std,mfcc9_mean,0.19285942023738892
tsallis_sq_amp,mfcc13_mean,0.1923748372038261
spec_rolloff_mean_hz,f0_min_hz,0.1923516051750111
dmfcc8_mean,f2_mean_hz,0.1921883175512832
mfcc4_mean,mfcc1_std,0.19210031174659517
tsallis_sq_amp,dmfcc2_std,0.1920112896693319
dmfcc6_mean,jitter_rap,0.19186178435153722
dmfcc11_mean,mfcc5_std,0.1918241784922801
shannon_s1_amp,mfcc7_mean,0.19162942809853928
dmfcc4_std,f1_std_hz,0.19161841778943858
dmfcc12_mean,dmfcc1_mean,0.19141689752103153
tsallis_sq_f0,dmfcc10_std,0.19141450415250488
mfcc13_std,mfcc3_mean,0.19116307267254865
spec_energy_high_mean,dmfcc2_std,0.19116227929618893
dmfcc11_std,f1_mean_hz,0.19100071918718706
mfcc12_std,f2_std_hz,0.19096209621866955
mfcc3_std,f3_std_hz,0.19087364036986845
spec_rolloff_mean_hz,spec_centroid_std_hz,0.19070189747134164
mfcc13_mean,dmfcc1_mean,0.19061870284622012
mfcc1_mean,f1_std_hz,0.190573051645512
mfcc9_std,dmfcc8_mean,0.19040359934251166
mfcc13_mean,dmfcc11_std,0.19006119339507396
mfcc12_std,f2_mean_hz,0.1897484459469217
spec_centroid_std_hz,mfcc6_mean,0.18964303423979603
mfcc1_mean,shimmer_apq11,0.189234531568726
mfcc11_std,f4_std_hz,0.18916933850694417
mfcc9_mean,mfcc3_std,0.18876866894732708
dmfcc10_std,shimmer_local,0.18840427937847795
spec_energy_low_mean,f0_max_hz,0.1883207668339453
tsallis_sq_f0,mfcc10_std,0.18829475066272336
spec_rolloff_mean_hz,mfcc1_mean,0.1881093313489432
mfcc4_std,f4_std_hz,0.18799491244973063
spec_energy_high_mean,mfcc2_std,0.18798703783431736
spec_energy_low_mean,mfcc2_mean,0.18783664321519436
dmfcc10_mean,mfcc9_mean,0.1875201618946861
tsallis_sq_amp,mfcc4_mean,0.18738491406416077
spec_centroid_mean_hz,f4_mean_hz,0.1867678748030834
dmfcc8_mean,mfcc6_std,0.18667598046541117
mfcc6_std,shimmer_apq3,0.1865499900378189
mfcc8_std,shimmer_apq5,0.18654036836104204
mfcc1_std,f0_cv,0.18637069487939523
spec_flux_mean,spec_rolloff_std_hz,0.18616120736400782
spec_centroid_std_hz,f3_std_hz,0.18601003719445486
spec_energy_low_mean,spec_flux_mean,0.1859905535779152
mfcc12_std,shimmer_local,0.1855968779279827
mfcc10_std,shimmer_apq5,0.18542408483137193
mfcc10_std,f3_mean_hz,0.1853250777359116
mfcc3_mean,f2_std_hz,0.18508344632905652
jitter_rap,f0_min_hz,0.18507343546509653
f4_mean_hz,f2_std_hz,0.18507233613377053
dmfcc8_mean,mfcc7_mean,0.1849239927089365
dmfcc9_mean,dmfcc5_std,0.18486125004685008
mfcc10_mean,shimmer_apq5,0.18484910411753067
dmfcc10_mean,mfcc2_std,0.1846963563332491
mfcc9_mean,mfcc5_mean,0.18449321752598108
shannon_s1_amp,dmfcc9_std,0.18441214916642304
dmfcc8_mean,mfcc1_std,0.18433315152878246
jitter_ppq5,f1_std_hz,0.18415570216390093
shannon_s1_f0,dmfcc11_mean,0.18395650016466308
dmfcc2_std,shimmer_apq3,0.1838287289096701
spec_energy_low_mean,dmfcc6_mean,0.1836343621615773
tsallis_sq_f0,mfcc7_std,0.18325759189711896
spec_flux_std,dmfcc11_mean,0.18323326763033276
dmfcc13_std,f0_std_hz,0.1832017904691405
dmfcc9_mean,dmfcc4_std,0.18317672205596985
mfcc13_std,mfcc4_mean,0.182790650136707
mfcc7_std,shimmer_apq3,0.18260690575057378
dmfcc9_std,f0_std_hz,0.18237998935307864
f0_min_hz,f0_std_hz,0.18221806028431856
dmfcc3_std,f2_std_hz,0.182032610144628
dmfcc3_mean,f4_std_hz,0.18171817162792234
f3_mean_hz,f0_cv,0.18139797618110795
dmfcc10_mean,mfcc6_mean,0.18132906238884333
shannon_s1_amp,dmfcc9_mean,0.1811497210266598
dmfcc11_mean,mfcc2_std,0.18109270757361268
spec_flux_mean,f0_max_hz,0.18108513550283067
spec_rolloff_mean_hz,f0_mean_hz,0.18094654886983697
f1_std_hz,f0_std_hz,0.18088670628396492
mfcc8_std,dmfcc7_mean,0.1808063300305383
dmfcc8_std,dmfcc6_mean,0.18067390612605735
dmfcc3_std,jitter_rap,0.18057945732068195
spec_rolloff_std_hz,mfcc4_mean,0.1800551887888394
tsallis_sq_amp,dmfcc6_mean,0.17991749273172242
mfcc1_std,f4_std_hz,0.17989924592409245
dmfcc7_std,f0_min_hz,0.17986911507759026
dmfcc2_std,jitter_ppq5,0.1796812690255502
mfcc9_mean,dmfcc6_std,0.1796652921485568
mfcc5_mean,f2_mean_hz,0.17958500280145986
mfcc1_std,shimmer_local,0.17943057532095852
dmfcc4_mean,hnr_mean_db,0.17939591953659742
dmfcc8_mean,dmfcc1_std,0.17922896873925667
dmfcc10_std,f4_std_hz,0.17874679094600704
dmfcc10_mean,mfcc10_std,0.17869885261221571
spec_flux_std,mfcc13_mean,0.17845870547908876
tsallis_sq_amp,spec_energy_high_mean,0.1783554613166368
tsallis_sq_amp,shimmer_apq11,0.17827563374789965
mfcc1_std,f1_std_hz,0.17793438818100707
dmfcc11_mean,f3_mean_hz,0.17788902133945114
mfcc11_mean,dmfcc10_mean,0.17784253728054544
dmfcc10_mean,mfcc8_mean,0.17774886693378875
mfcc10_mean,f1_std_hz,0.17753938507963196
dmfcc13_mean,mfcc5_std,0.17750532637827002
dmfcc10_mean,f0_min_hz,0.177477878220451
dmfcc7_mean,mfcc5_std,0.17745534148651074
dmfcc10_mean,f4_std_hz,0.17743262528290832
mfcc11_std,mfcc4_mean,0.17741022494199182
spec_centroid_mean_hz,mfcc9_mean,0.177042638048695
mfcc8_std,shimmer_local,0.1769854051973117
spec_centroid_mean_hz,shimmer_apq11,0.17697625558862187
spec_centroid_mean_hz,jitter_ppq5,0.17691824095963862
mfcc10_mean,f0_cv,0.17690412999383576
mfcc8_std,dmfcc4_mean,0.17645893281667344
shimmer_apq11,f2_std_hz,0.17630515689839102
dmfcc3_std,jitter_ppq5,0.17622498137554285
shannon_s1_amp,dmfcc12_std,0.17617873403767245
dmfcc10_mean,f0_mean_hz,0.17609592234743648
spec_rolloff_std_hz,f2_mean_hz,0.17589610510423814
dmfcc9_mean,mfcc3_std,0.17581967253916614
dmfcc11_mean,dmfcc3_std,0.17564704933410843
spec_rolloff_mean_hz,dmfcc11_mean,0.1752769362786886
mfcc11_mean,f0_std_hz,0.175055741933408
spec_rolloff_mean_hz,f1_std_hz,0.1749543414907868
dmfcc10_mean,hnr_mean_db,0.17493101654696314
mfcc10_std,f4_std_hz,0.17485988838747357
dmfcc12_std,f0_min_hz,0.17484606026356458
mfcc2_std,f2_std_hz,0.1747070189792569
dmfcc2_std,shimmer_apq11,0.17470021352462048
dmfcc11_std,dmfcc11_mean,0.17429363801567493
dmfcc9_std,f1_std_hz,0.17415243347569642
spec_rolloff_std_hz,mfcc7_mean,0.17351425442752047
dmfcc9_std,f1_mean_hz,0.17348649844259773
shannon_s1_amp,mfcc12_std,0.1732364464941171
dmfcc13_std,mfcc5_mean,0.17299743875333035
f2_std_hz,f1_mean_hz,0.17291659443563737
dmfcc6_mean,f0_max_hz,0.1729023760743607
mfcc2_std,f0_mean_hz,0.1726045728514815
mfcc4_mean,mfcc2_std,0.1724307619217741
mfcc10_std,f1_mean_hz,0.17235968257489992
dmfcc11_mean,mfcc9_std,0.17233810938600153
mfcc12_std,f4_std_hz,0.17225494372479858
hnr_mean_db,f0_min_hz,0.1721499569495813
dmfcc8_std,f0_cv,0.1720820644726144
dmfcc2_std,shimmer_apq5,0.17187325270974005
dmfcc4_std,mfcc4_mean,0.17184687097113854
mfcc3_mean,jitter_local,0.17178576184490027
dmfcc9_mean,f0_cv,0.17167168942007047
spec_rolloff_mean_hz,mfcc9_mean,0.17137351536507425
dmfcc7_mean,mfcc7_mean,0.17115961365796933
dmfcc7_mean,dmfcc2_mean,0.1710647823885408
spec_rolloff_mean_hz,dmfcc3_std,0.17103049503177667
spec_energy_mid_mean,mfcc9_mean,0.1706813952651429
shimmer_apq5,f2_std_hz,0.17030631620609002
shannon_s1_amp,dmfcc11_std,0.17028625348517834
dmfcc4_mean,f3_mean_hz,0.17009833854566256
spec_energy_high_mean,f3_mean_hz,0.16970741152385635
mfcc9_mean,f0_cv,0.1696765385233985
dmfcc2_mean,f4_std_hz,0.16950431688699477
tsallis_sq_amp,shimmer_local,0.16946587285319625
dmfcc8_mean,dmfcc6_mean,0.1694589448371937
spec_centroid_std_hz,f4_std_hz,0.1693230413048303
dmfcc11_mean,shimmer_apq3,0.16918229665763443
f4_std_hz,f2_mean_hz,0.16905986253618097
dmfcc13_std,mfcc7_mean,0.1687350933483067
shannon_s1_amp,dmfcc13_std,0.16871008562402653
mfcc12_mean,mfcc3_mean,0.1682684096085843
mfcc13_mean,dmfcc5_std,0.16808316597855838
mfcc2_std,f3_std_hz,0.16799212863597834
dmfcc5_mean,f1_std_hz,0.16792803093176473
spec_rolloff_std_hz,shimmer_apq11,0.16791617775752657
dmfcc1_std,f2_std_hz,0.1677709441735688
f3_mean_hz,f0_std_hz,0.16754750516205977
shannon_s1_f0,mfcc3_mean,0.16746206538555106
mfcc12_mean,shimmer_local,0.16741901855407873
jitter_rap,f1_mean_hz,0.16739176028705482
mfcc10_std,shimmer_local,0.16717116493158504
mfcc11_std,dmfcc2_mean,0.1668710514289832
spec_energy_mid_mean,mfcc4_mean,0.1667688561040594
dmfcc11_mean,dmfcc5_std,0.16661301369278186
tsallis_sq_amp,f4_std_hz,0.1663176041031156
tsallis_sq_amp,dmfcc6_std,0.1663060796305667
dmfcc13_std,dmfcc13_mean,0.1659210756210532
dmfcc5_std,mfcc4_mean,0.16571059581895814
dmfcc10_std,f1_std_hz,0.16570112443449478
spec_flux_mean,mfcc5_mean,0.16546055103798077
tsallis_sq_f0,mfcc3_mean,0.16544941140332836
spec_flux_std,f2_std_hz,0.1653379665865555
tsallis_sq_amp,spec_energy_low_mean,0.1653100238445268
shannon_s1_amp,mfcc6_mean,0.1652208972650937
dmfcc6_std,shimmer_apq3,0.1651869278686173
shannon_s1_f0,dmfcc12_mean,0.16509852481823842
spec_energy_mid_mean,dmfcc8_mean,0.16506332980693855
tsallis_sq_amp,spec_rolloff_std_hz,0.16499632114914553
mfcc9_mean,mfcc4_std,0.16488520158944034
spec_energy_low_mean,dmfcc8_mean,0.1648433236038151
hnr_mean_db,f3_std_hz,0.16456529262526892
shannon_s1_f0,f3_mean_hz,0.1644202672461607
jitter_local,f1_mean_hz,0.16439232457084554
mfcc10_mean,shimmer_local,0.1643523427454567
dmfcc4_mean,f1_std_hz,0.1641602780857256
dmfcc7_std,f0_std_hz,0.16408626014952898
dmfcc11_std,dmfcc8_mean,0.1640789871115831
hnr_mean_db,f0_std_hz,0.1640766614430604
shannon_s1_amp,mfcc11_std,0.16406872601641823
dmfcc11_std,f4_mean_hz,0.16404212860280226
mfcc10_std,f0_std_hz,0.1639999722565851
mfcc5_std,dmfcc4_mean,0.1638432861434866
mfcc6_mean,f3_mean_hz,0.1638268896953206
mfcc7_mean,f1_std_hz,0.16358519819832115
mfcc7_std,f4_mean_hz,0.16349376968666698
mfcc8_mean,mfcc3_std,0.1634052833775417
tsallis_sq_f0,dmfcc11_mean,0.16321912459514532
shannon_s1_amp,f3_mean_hz,0.16300494683092615
mfcc13_std,mfcc13_mean,0.1629137317737436
mfcc2_std,shimmer_apq11,0.1629114861275185
dmfcc1_mean,f2_mean_hz,0.16286328901036756
mfcc3_std,shimmer_local,0.16284327176949145
mfcc6_std,mfcc4_mean,0.16269166635212134
mfcc2_mean,f1_mean_hz,0.1626895323125112
spec_energy_mid_mean,mfcc6_std,0.16244398031780877
spec_centroid_mean_hz,dmfcc12_std,0.16229953188838409
mfcc12_mean,shimmer_apq3,0.16218068699474247
mfcc7_std,f0_min_hz,0.16204032740702928
dmfcc6_mean,mfcc6_mean,0.16203267591417111
mfcc8_std,f4_std_hz,0.16200763662696277
dmfcc12_std,mfcc11_mean,0.16163920640126145
dmfcc5_std,f4_std_hz,0.16127976739408706
dmfcc9_std,f4_mean_hz,0.16111061979019178
tsallis_sq_f0,dmfcc2_mean,0.16092579709998528
dmfcc8_mean,dmfcc3_std,0.1607739751802243
dmfcc10_mean,shimmer_apq5,0.16073940965136882
dmfcc11_std,f0_std_hz,0.16052303278333918
dmfcc5_std,f3_std_hz,0.16042853876479096
spec_flux_mean,mfcc6_mean,0.1602730403993947
dmfcc5_mean,hnr_mean_db,0.16023763385327564
mfcc7_mean,f0_mean_hz,0.16000991977091142
dmfcc9_std,f0_mean_hz,0.1598277924224473
mfcc2_std,shimmer_local,0.15981554090960995
mfcc7_std,f0_std_hz,0.15974642895443508
dmfcc10_mean,dmfcc7_mean,0.15937996909678215
shannon_s1_f0,dmfcc3_mean,0.159144764537802
mfcc11_std,f0_min_hz,0.15900871872080855
dmfcc10_mean,dmfcc4_mean,0.15890552063392868
mfcc4_std,dmfcc1_mean,0.15888382850113886
mfcc13_mean,jitter_local,0.15883806355047864
mfcc3_std,f0_mean_hz,0.15873118046393908
mfcc1_mean,f0_min_hz,0.15861386994569934
dmfcc7_std,dmfcc3_mean,0.15856038615687024
mfcc10_mean,mfcc7_mean,0.15826925804846267
dmfcc7_mean,f0_cv,0.15820076368160976
dmfcc8_std,f0_min_hz,0.15810769117390383
mfcc11_std,shimmer_apq3,0.15807294454404563
dmfcc13_mean,f0_cv,0.1580200275995125
shimmer_apq11,f2_mean_hz,0.15793130057448138
mfcc7_mean,shimmer_apq3,0.1577616017522676
dmfcc6_mean,dmfcc2_std,0.1577513068588012
dmfcc12_mean,dmfcc2_std,0.15773174005175034
dmfcc11_std,f1_std_hz,0.15768170315155605
mfcc9_mean,mfcc2_std,0.15761526230414977
mfcc12_mean,f0_std_hz,0.15760632104612837
dmfcc12_mean,mfcc3_std,0.1576011409354553
mfcc7_std,mfcc6_mean,0.15752267799998235
dmfcc5_mean,dmfcc4_mean,0.15751888974403835
mfcc9_std,f0_max_hz,0.1575129917422241
tsallis_sq_f0,mfcc8_mean,0.15698257753673575
shimmer_apq5,f2_mean_hz,0.15676745038044843
mfcc2_mean,f2_mean_hz,0.15672861306033395
mfcc11_std,dmfcc7_mean,0.1567160555477505
mfcc13_std,mfcc7_mean,0.1566324360592006
dmfcc8_std,shimmer_apq3,0.15643466561399655
mfcc13_std,mfcc12_mean,0.15641317573589297
mfcc1_mean,shimmer_local,0.1564045207065281
dmfcc9_std,dmfcc6_mean,0.15630180499614535
mfcc8_mean,f1_mean_hz,0.15588511668556204
f3_mean_hz,f0_min_hz,0.15581347208301602
spec_flux_mean,mfcc11_mean,0.1557858570586032
spec_rolloff_mean_hz,jitter_ppq5,0.15575138137946148
dmfcc6_mean,jitter_ppq5,0.15547702039161684
mfcc5_mean,f0_max_hz,0.1554701739808737
mfcc4_mean,f0_mean_hz,0.15546145511154738
mfcc5_std,f1_mean_hz,0.15544840687198996
shannon_s1_amp,dmfcc6_mean,0.15539971593025192
mfcc9_std,dmfcc6_mean,0.15538649989922687
mfcc12_std,mfcc7_mean,0.15534013449798265
dmfcc10_std,shimmer_apq3,0.15525656072708374
spec_energy_high_mean,mfcc13_mean,0.1550781322597861
mfcc3_mean,jitter_rap,0.1550726632868073
dmfcc10_std,mfcc3_mean,0.15502352062512675
shimmer_apq5,f1_mean_hz,0.1549000802899348
mfcc9_std,f0_mean_hz,0.15479683689476662
dmfcc8_mean,hnr_mean_db,0.15445563459187958
mfcc3_std,f0_cv,0.1543581072245445
mfcc7_mean,jitter_rap,0.15431203452402173
hnr_mean_db,f0_cv,0.1542758899002793
spec_centroid_mean_hz,shimmer_local,0.1542125193773171
mfcc7_mean,f0_min_hz,0.15414053358172214
dmfcc5_std,shimmer_apq3,0.15379263534512186
spec_centroid_mean_hz,jitter_local,0.1537715514421123
dmfcc5_mean,f0_std_hz,0.15372686620668863
dmfcc3_mean,f3_mean_hz,0.15371811320251844
mfcc1_std,shimmer_apq5,0.1535185512159734
mfcc10_mean,shimmer_apq3,0.153496352350857
dmfcc4_mean,mfcc4_mean,0.15342610274998297
mfcc1_mean,f2_std_hz,0.15322183088972277
dmfcc10_mean,mfcc1_std,0.15289154447046818
mfcc10_mean,dmfcc2_std,0.1527316440057604
dmfcc1_std,f4_mean_hz,0.15267453617801946
mfcc9_mean,f0_std_hz,0.15247110224550756
shimmer_local,f2_std_hz,0.15245345153962528
dmfcc3_mean,jitter_ppq5,0.15239918884035106
mfcc11_std,mfcc9_mean,0.15236159447223271
dmfcc8_std,f4_std_hz,0.15235718601040468
mfcc12_mean,mfcc10_std,0.1522818469141034
shimmer_apq3,f1_std_hz,0.15224343518046998
spec_energy_low_mean,hnr_mean_db,0.1520698250278682
dmfcc2_mean,f2_mean_hz,0.15206199817459126
tsallis_sq_f0,f3_mean_hz,0.15151367122194365
dmfcc13_mean,mfcc11_mean,0.1513718521393562
dmfcc9_mean,mfcc4_mean,0.15135709425673963
dmfcc13_mean,dmfcc2_mean,0.15125566698324344
shannon_s1_f0,dmfcc6_mean,0.15119160308756682
dmfcc12_mean,dmfcc9_mean,0.1511434453224183
dmfcc12_std,f0_max_hz,0.15091748777533842
spec_energy_mid_mean,mfcc4_std,0.15082490962307796
mfcc12_mean,f2_std_hz,0.1507409689537749
dmfcc12_mean,dmfcc8_mean,0.15064316896858718
mfcc11_mean,mfcc9_std,0.15064073686198737
dmfcc4_mean,f2_std_hz,0.15051558010586946
tsallis_sq_f0,f2_mean_hz,0.15047362251235227
dmfcc7_std,f2_mean_hz,0.15042617129780997
tsallis_sq_amp,f3_mean_hz,0.15036956775821472
dmfcc13_std,mfcc13_mean,0.15024771402561313
mfcc13_mean,jitter_ppq5,0.15022635803298343
mfcc7_std,f2_std_hz,0.15010543844940277
dmfcc11_mean,shimmer_local,0.14999679672609448
mfcc5_std,f0_cv,0.14991697050855965
mfcc13_mean,jitter_rap,0.14968597959433433
mfcc11_mean,shimmer_apq3,0.14958726223706073
tsallis_sq_f0,dmfcc10_mean,0.14943604737701444
mfcc12_std,shimmer_apq3,0.14934314768909782
mfcc12_mean,dmfcc6_std,0.14933401648106256
spec_energy_mid_mean,mfcc7_std,0.1492188426173731
mfcc10_std,dmfcc1_mean,0.14905235005915662
dmfcc13_mean,mfcc8_mean,0.14897593051654845
spec_energy_high_mean,mfcc12_mean,0.14888508728413752
mfcc13_mean,dmfcc6_std,0.14882717291911957
mfcc13_mean,dmfcc7_std,0.14876641068506877
shimmer_local,f1_mean_hz,0.14854134568924182
dmfcc12_mean,mfcc11_std,0.14851681361035265
shimmer_apq3,f1_mean_hz,0.14850964140593698
dmfcc11_mean,shimmer_apq5,0.14847305045187476
dmfcc6_std,mfcc4_mean,0.14844599201299125
dmfcc13_mean,mfcc1_mean,0.14835052993240078
dmfcc4_mean,mfcc1_std,0.14832209398527404
mfcc10_std,dmfcc4_mean,0.14829176039321346
spec_energy_mid_mean,dmfcc4_std,0.14826746435814292
dmfcc8_std,f3_mean_hz,0.14804487943386346
dmfcc12_std,f3_std_hz,0.147984106095659
spec_energy_mid_mean,f0_max_hz,0.1479701347935022
spec_flux_mean,mfcc2_mean,0.14791750519419064
dmfcc13_std,mfcc6_mean,0.1479066141672055
dmfcc4_std,f3_mean_hz,0.14783269878102406
mfcc12_std,f0_std_hz,0.14781520659109243
spec_energy_low_mean,spec_flux_std,0.14772948109620263
f1_std_hz,f0_min_hz,0.14761525079596113
mfcc7_mean,dmfcc6_std,0.14752726072079292
mfcc1_mean,f2_mean_hz,0.14748801500528094
spec_flux_mean,f4_mean_hz,0.1472789118232148
mfcc3_std,shimmer_apq5,0.14727667090018742
mfcc13_std,mfcc5_mean,0.1472088241724724
dmfcc10_mean,dmfcc6_mean,0.147063146323103
shannon_s1_amp,f4_std_hz,0.147054870826137
f3_std_hz,f1_mean_hz,0.14695498244684563
mfcc13_mean,mfcc6_std,0.14695254789582018
shannon_s1_amp,mfcc4_mean,0.14694598297475586
mfcc4_std,f3_mean_hz,0.14693837496490317
spec_rolloff_mean_hz,dmfcc3_mean,0.14679794179822936
mfcc8_mean,mfcc2_mean,0.14677148032958265
mfcc10_mean,f0_std_hz,0.1464835203802929
spec_energy_mid_mean,shimmer_local,0.14643841907566932
dmfcc7_mean,mfcc6_std,0.14639256780995347
jitter_local,f3_std_hz,0.1462688427619909
dmfcc3_mean,hnr_mean_db,0.14625084306161742
dmfcc5_std,dmfcc5_mean,0.14624928820095656
mfcc11_mean,shimmer_apq5,0.14616413515946172
dmfcc13_mean,f1_std_hz,0.14616134710377868
mfcc1_mean,shimmer_apq5,0.14613919940506387
shannon_s1_amp,mfcc9_std,0.14584052844434492
mfcc4_mean,f4_std_hz,0.14577914856226074
jitter_ppq5,f1_mean_hz,0.14561957919256505
mfcc8_std,f3_std_hz,0.1455685685276397
shannon_s1_f0,mfcc6_mean,0.14552333523943087
spec_centroid_std_hz,mfcc11_mean,0.14551382142623662
mfcc1_mean,f4_std_hz,0.14528993528838668
dmfcc1_mean,jitter_rap,0.14528960282973
dmfcc12_mean,mfcc4_std,0.1451803044254149
dmfcc10_mean,dmfcc3_std,0.14514710046828003
dmfcc7_mean,f0_std_hz,0.1450828225558052
spec_flux_std,dmfcc3_mean,0.1449883885581757
dmfcc6_mean,f2_mean_hz,0.14493348113544913
dmfcc3_std,f4_mean_hz,0.14493330454703973
mfcc5_std,f3_std_hz,0.14485177845421124
dmfcc4_mean,f1_mean_hz,0.14485136108091076
shannon_s1_amp,spec_centroid_mean_hz,0.1447826136658791
spec_rolloff_mean_hz,f2_std_hz,0.14477177469134878
spec_centroid_std_hz,mfcc5_mean,0.14463225582155775
dmfcc5_mean,f0_cv,0.14460682481300555
dmfcc4_std,f0_min_hz,0.14453678073639978
spec_energy_low_mean,spec_centroid_std_hz,0.14442573658440677
tsallis_sq_amp,spec_centroid_mean_hz,0.1444239219187372
tsallis_sq_amp,mfcc2_mean,0.14413226740740887
dmfcc1_mean,jitter_local,0.14409643423043664
dmfcc9_std,f0_cv,0.14405572310030457
mfcc6_mean,dmfcc5_std,0.1440496715359637
mfcc6_mean,mfcc2_std,0.1439728117997376
mfcc7_std,mfcc5_mean,0.14393402700939753
dmfcc11_mean,mfcc10_std,0.14387095008389306
mfcc9_mean,dmfcc2_std,0.14378328682584215
spec_energy_mid_mean,spec_rolloff_mean_hz,0.14357566376366984
jitter_rap,f4_mean_hz,0.14352599733976093
jitter_local,f4_mean_hz,0.14351578659987324
dmfcc11_std,f3_mean_hz,0.1433927962360842
shimmer_local,f1_std_hz,0.1433215609259918
mfcc11_mean,shimmer_local,0.1429192391717379
dmfcc13_mean,shimmer_apq5,0.14279999093286172
mfcc13_std,dmfcc7_mean,0.14271439602927583
shannon_s1_f0,dmfcc10_mean,0.14266417061114578
tsallis_sq_f0,dmfcc12_mean,0.1426206961475524
spec_flux_std,dmfcc1_mean,0.14258701991896613
dmfcc9_std,dmfcc1_mean,0.1425804754191801
mfcc13_mean,mfcc5_std,0.14250616449054462
spec_rolloff_std_hz,mfcc5_mean,0.14217021822759468
spec_energy_mid_mean,jitter_rap,0.1421443448562675
dmfcc1_std,f0_mean_hz,0.14213159211108842
mfcc6_std,f4_std_hz,0.14196928627296465
mfcc12_mean,dmfcc7_std,0.14195552649298548
spec_rolloff_mean_hz,hnr_mean_db,0.14194409655375517
spec_centroid_std_hz,f4_mean_hz,0.14191404780992434
spec_centroid_mean_hz,jitter_rap,0.1419098607954999
tsallis_sq_amp,mfcc6_mean,0.14187782470815538
jitter_rap,f3_std_hz,0.14180238818407656
dmfcc2_mean,dmfcc1_std,0.14179356912060517
mfcc8_std,mfcc6_mean,0.14151209445452237
spec_centroid_mean_hz,dmfcc7_mean,0.14138617582472313
dmfcc11_mean,mfcc1_mean,0.14119608863468278
dmfcc9_mean,f3_mean_hz,0.14112282102012297
tsallis_sq_amp,dmfcc12_std,0.14102130668360835
dmfcc12_mean,mfcc6_mean,0.1408648026340038
dmfcc12_mean,mfcc4_mean,0.1408462124030809
spec_centroid_mean_hz,shimmer_apq3,0.1408141790666186
shannon_s1_amp,mfcc13_std,0.1407923362118065
dmfcc13_std,f0_cv,0.14070200872963906
mfcc13_std,f2_std_hz,0.14063420673453814
spec_energy_mid_mean,spec_rolloff_std_hz,0.14047343015059854
mfcc8_mean,shimmer_apq3,0.1403224173453305
mfcc12_mean,mfcc8_mean,0.1402357007176204
dmfcc12_std,dmfcc6_mean,0.14015606101144124
dmfcc12_mean,dmfcc4_mean,0.14009017593439607
mfcc7_mean,jitter_local,0.13989329666483902
shannon_s1_f0,f2_mean_hz,0.1396446467762052
mfcc10_std,f2_std_hz,0.13961890977912603
mfcc6_mean,dmfcc1_std,0.13958722280047564
mfcc2_std,shimmer_apq5,0.139409387716161
dmfcc2_mean,f1_mean_hz,0.13930986590241784
spec_energy_low_mean,mfcc1_mean,0.13913383764623852
mfcc7_std,dmfcc6_mean,0.1387505219942861
mfcc2_mean,shimmer_apq11,0.13874552280007826
mfcc5_mean,mfcc4_std,0.13853318652310287
dmfcc12_std,mfcc12_mean,0.13847182035321873
mfcc13_std,f1_mean_hz,0.13829317356177695
dmfcc5_mean,mfcc3_mean,0.138251914966149
dmfcc6_mean,mfcc1_std,0.1382120200538258
shannon_s1_f0,mfcc8_mean,0.13820611201312086
tsallis_sq_amp,dmfcc13_std,0.13814620533219432
dmfcc10_std,f0_std_hz,0.13810219109183866
dmfcc5_mean,mfcc1_std,0.1380546968176933
jitter_ppq5,f4_mean_hz,0.13803663396981308
mfcc11_mean,mfcc1_mean,0.13789661061850073
dmfcc10_mean,mfcc5_std,0.13785607705152095
dmfcc11_mean,mfcc7_std,0.13782817148083584
shannon_s1_amp,f2_std_hz,0.13777158036235213
dmfcc10_mean,f0_max_hz,0.1377048471463971
mfcc6_mean,mfcc5_std,0.13766860894647295
spec_rolloff_std_hz,mfcc11_mean,0.1375483611495982
dmfcc9_std,dmfcc2_mean,0.13714901844494942
dmfcc8_mean,mfcc4_mean,0.13709983353682642
jitter_ppq5,f0_mean_hz,0.13679765295508498
mfcc11_mean,f3_mean_hz,0.13673744517357883
dmfcc13_mean,mfcc4_std,0.1367246682645058
tsallis_sq_amp,f3_std_hz,0.13668773624927885
shimmer_apq3,f2_std_hz,0.13660842198415207
dmfcc5_mean,mfcc2_std,0.13652741032330032
dmfcc13_mean,mfcc10_std,0.1362931681040593
dmfcc2_mean,shimmer_apq11,0.1361441108105251
mfcc5_mean,dmfcc4_mean,0.13609746313742638
mfcc13_mean,mfcc6_mean,0.1360586348511038
spec_centroid_mean_hz,dmfcc9_std,0.13603119829345595
dmfcc4_mean,jitter_rap,0.13582451156558265
mfcc5_std,dmfcc1_mean,0.13577886566298847
mfcc3_std,f3_mean_hz,0.13551581779655367
tsallis_sq_f0,dmfcc6_mean,0.13550403886718157
mfcc4_std,shimmer_apq11,0.13543635016907468
dmfcc13_std,f4_std_hz,0.13542326532429394
spec_centroid_std_hz,spec_centroid_mean_hz,0.13537686576825161
mfcc8_mean,f2_std_hz,0.13528346465102847
dmfcc6_mean,mfcc3_mean,0.13507763565944356
mfcc9_std,f4_mean_hz,0.1349519732682211
spec_rolloff_mean_hz,f0_cv,0.13478668956116022
spec_energy_mid_mean,mfcc8_mean,0.13461133660442506
spec_energy_mid_mean,jitter_local,0.13453773631745902
dmfcc5_mean,mfcc5_mean,0.1343671572981963
dmfcc9_mean,mfcc5_std,0.13422504545276578
dmfcc11_mean,f0_min_hz,0.13417645927240016
dmfcc7_mean,mfcc2_mean,0.13401146425315053
mfcc4_mean,hnr_mean_db,0.13396740827037942
mfcc8_std,f0_min_hz,0.13395644513932792
dmfcc4_mean,jitter_ppq5,0.13394612069868336
tsallis_sq_f0,spec_rolloff_mean_hz,0.13369461183779463
tsallis_sq_f0,dmfcc3_mean,0.13368797153513137
dmfcc8_mean,f4_mean_hz,0.13335609585230682
mfcc4_mean,mfcc1_mean,0.1329131235145651
tsallis_sq_f0,mfcc11_mean,0.13286130955581446
dmfcc5_mean,f2_mean_hz,0.13266603513713526
mfcc13_mean,f0_max_hz,0.13244258986078317
dmfcc1_mean,f0_max_hz,0.13235407996260404
dmfcc9_std,f2_mean_hz,0.13201266796742908
mfcc6_mean,mfcc1_mean,0.13178989479765982
hnr_mean_db,f1_std_hz,0.13162321124402296
shannon_s1_f0,spec_rolloff_mean_hz,0.13158599841836005
f0_std_hz,f0_mean_hz,0.13145390915592728
spec_energy_high_mean,dmfcc4_std,0.13139426360073744
dmfcc7_mean,shimmer_apq3,0.13105735010783764
spec_energy_mid_mean,shimmer_apq3,0.1310147945222905
shannon_s1_amp,dmfcc7_std,0.1309257577171724
tsallis_sq_f0,mfcc6_mean,0.1307287462314184
mfcc12_mean,f2_mean_hz,0.1305080289889483
dmfcc13_std,f3_mean_hz,0.13041256499961298
spec_rolloff_std_hz,mfcc8_mean,0.13039147357027064
spec_rolloff_std_hz,f0_max_hz,0.13024277680779103
spec_flux_std,f3_std_hz,0.1302195112738501
spec_flux_std,f0_min_hz,0.13000229149066814
spec_rolloff_mean_hz,dmfcc8_mean,0.12998489068364796
mfcc9_std,f1_mean_hz,0.12958773032945037
spec_centroid_mean_hz,mfcc6_std,0.12944392517668254
spec_energy_mid_mean,jitter_ppq5,0.12929902701324997
dmfcc6_mean,mfcc6_std,0.12909363217604078
spec_centroid_mean_hz,mfcc4_mean,0.1290162368895256
mfcc13_mean,dmfcc7_mean,0.12890641506017525
mfcc6_mean,dmfcc5_mean,0.12880861892580725
dmfcc7_mean,f0_max_hz,0.12862773344981335
mfcc9_std,f4_std_hz,0.12858147511131438
mfcc12_std,dmfcc3_mean,0.12849589489743224
dmfcc10_std,dmfcc3_mean,0.12836215275332363
mfcc11_mean,dmfcc3_mean,0.12822437107329857
mfcc12_mean,f4_std_hz,0.1280587085806879
mfcc6_std,mfcc6_mean,0.12787218765639335
shannon_s1_f0,dmfcc13_mean,0.1277877325929292
dmfcc12_std,mfcc9_mean,0.12738195385841858
shannon_s1_amp,dmfcc3_std,0.1272869019232513
dmfcc9_std,mfcc8_mean,0.12726578313437298
hnr_mean_db,f4_std_hz,0.12723982272920706
mfcc8_std,mfcc4_mean,0.1270672681413476
spec_energy_mid_mean,mfcc9_std,0.12694112732019652
dmfcc1_mean,f3_mean_hz,0.12693218132849737
dmfcc8_mean,mfcc7_std,0.12682027934267023
mfcc11_mean,shimmer_apq11,0.12664792146593457
dmfcc11_mean,f4_mean_hz,0.1264681682880859
spec_rolloff_mean_hz,jitter_local,0.126397994599926
mfcc8_mean,shimmer_local,0.12632817570163804
dmfcc2_std,f3_std_hz,0.12625833536401418
jitter_ppq5,f3_std_hz,0.1262319245831823
spec_energy_high_mean,hnr_mean_db,0.1260792724666988
tsallis_sq_amp,mfcc12_std,0.1259279762135046
f2_std_hz,f0_min_hz,0.125767607101405
mfcc5_std,mfcc5_mean,0.1257513652174671
spec_centroid_mean_hz,dmfcc11_std,0.1257235147438955
dmfcc12_mean,mfcc11_mean,0.12569921116695626
mfcc5_mean,jitter_ppq5,0.12558561005011273
shannon_s1_amp,dmfcc2_std,0.12553483845578714
spec_energy_low_mean,mfcc9_mean,0.12550095106967052
mfcc10_mean,dmfcc9_mean,0.12516611899062707
dmfcc7_std,dmfcc2_mean,0.12491387795079818
dmfcc4_mean,jitter_local,0.12482461457516594
dmfcc4_mean,dmfcc1_std,0.12471580515841008
dmfcc13_std,mfcc9_mean,0.12462563746515622
dmfcc12_std,dmfcc2_mean,0.12450202289900651
dmfcc6_std,f2_mean_hz,0.12444662280328793
dmfcc10_mean,mfcc5_mean,0.12423619372882405
dmfcc2_mean,mfcc1_mean,0.124178747043022
spec_flux_mean,mfcc10_mean,0.12402451570502834
dmfcc6_mean,f0_cv,0.12402445863857357
mfcc1_std,f2_std_hz,0.12385198535759917
mfcc9_std,f2_mean_hz,0.12377520549021531
spec_energy_mid_mean,shimmer_apq5,0.1237263256104425
mfcc4_mean,f1_std_hz,0.12365411970462023
tsallis_sq_amp,dmfcc11_std,0.12362435359140633
mfcc3_std,f2_std_hz,0.12349276424244662
mfcc12_mean,f0_max_hz,0.12343122842635541
shannon_s1_amp,mfcc13_mean,0.12330330846046836
spec_rolloff_mean_hz,mfcc10_std,0.12311475923317579
dmfcc12_std,f3_mean_hz,0.12305523998067859
dmfcc3_std,f1_mean_hz,0.12296819810079497
mfcc2_std,shimmer_apq3,0.12292492413138824
mfcc10_mean,mfcc3_mean,0.12280156935190897
shimmer_apq5,f3_mean_hz,0.12279912714512237
spec_energy_low_mean,dmfcc11_mean,0.12274303525656023
mfcc10_mean,mfcc2_std,0.12270963618895055
mfcc11_mean,dmfcc5_mean,0.12255840922776237
dmfcc12_std,mfcc6_mean,0.12238857632519788
f2_std_hz,f2_mean_hz,0.12237690443788124
f1_std_hz,f0_cv,0.1223121337591575
mfcc7_mean,dmfcc4_std,0.1222508816563821
spec_rolloff_mean_hz,dmfcc9_mean,0.12220196692420165
mfcc1_std,shimmer_apq3,0.12217446142365555
spec_rolloff_std_hz,shimmer_apq5,0.12202365697105844
spec_centroid_std_hz,dmfcc8_mean,0.12200688552786915
spec_centroid_mean_hz,dmfcc3_mean,0.12199324799053846
dmfcc11_mean,jitter_ppq5,0.12180782227767831
dmfcc5_std,f1_mean_hz,0.12171268829237485
dmfcc4_std,f1_mean_hz,0.1216696743155518
dmfcc6_std,dmfcc2_mean,0.12166556652264453
mfcc13_mean,mfcc7_mean,0.12164959171037557
dmfcc10_mean,dmfcc1_mean,0.1215818947005508
mfcc8_mean,f4_mean_hz,0.12140393530665845
mfcc4_mean,dmfcc3_mean,0.12139568434127876
jitter_ppq5,f0_max_hz,0.12132560098564299
tsallis_sq_amp,dmfcc9_std,0.12121670203928009
spec_centroid_std_hz,dmfcc1_mean,0.12121088560234697
mfcc10_std,f0_cv,0.12118262399008395
spec_flux_mean,f1_std_hz,0.1210468264368219
dmfcc1_mean,jitter_ppq5,0.1210140410263799
dmfcc13_std,dmfcc10_mean,0.12097164965312245
mfcc10_std,f4_mean_hz,0.12092575166628555
spec_rolloff_mean_hz,f0_std_hz,0.12089361636726684
dmfcc1_mean,mfcc1_mean,0.12081950327836075
spec_rolloff_mean_hz,dmfcc9_std,0.1208113400214746
mfcc10_std,mfcc10_mean,0.12079054215459739
spec_flux_std,mfcc7_mean,0.12074767213317855
spec_flux_std,mfcc3_mean,0.12069646280635765
dmfcc6_mean,f1_std_hz,0.12040725895883843
dmfcc6_mean,shimmer_apq3,0.12035819924863715
dmfcc11_mean,dmfcc9_mean,0.12035560270879642
f2_std_hz,f0_mean_hz,0.12031018059079328
dmfcc10_mean,mfcc4_mean,0.1202056469354744
dmfcc12_mean,dmfcc3_mean,0.12015939573686682
dmfcc7_std,f4_mean_hz,0.12012858473400778
mfcc7_mean,shimmer_local,0.12009514185957706
spec_energy_high_mean,dmfcc11_mean,0.12000025098129645
dmfcc10_mean,f1_mean_hz,0.11996811775446628
mfcc13_std,dmfcc5_mean,0.11995523509799205
mfcc9_std,dmfcc2_mean,0.1199096230225817
mfcc10_std,shimmer_apq3,0.11978051431516229
spec_rolloff_std_hz,dmfcc6_mean,0.11977502678659761
mfcc13_mean,mfcc8_std,0.11976658629239516
dmfcc12_std,mfcc7_mean,0.11967543282073895
dmfcc5_mean,mfcc5_std,0.11948902172964992
tsallis_sq_amp,spec_flux_mean,0.11933935976018245
dmfcc6_mean,dmfcc5_std,0.11931839350985879
mfcc7_mean,f0_max_hz,0.11925174861286958
mfcc8_mean,shimmer_apq5,0.11923508484382006
dmfcc8_std,f4_mean_hz,0.11917111013988972
mfcc1_std,f3_mean_hz,0.11905174246296155
dmfcc7_mean,f0_mean_hz,0.11904958339518346
mfcc9_mean,mfcc7_mean,0.11892194710096385
dmfcc9_std,jitter_ppq5,0.11884382916749797
dmfcc11_std,mfcc11_mean,0.118684129397504
spec_rolloff_std_hz,mfcc9_mean,0.11861776821438347
dmfcc6_mean,hnr_mean_db,0.11861197625581096
mfcc10_std,f3_std_hz,0.1184704978909104
dmfcc6_mean,shimmer_local,0.11837682873878502
spec_flux_std,dmfcc4_mean,0.11835045458271164
mfcc9_mean,f2_mean_hz,0.11829572995438065
mfcc10_mean,dmfcc1_mean,0.1181633484267701
mfcc6_mean,f2_mean_hz,0.11812561991215505
dmfcc6_mean,f0_std_hz,0.11803980559475193
dmfcc11_mean,f1_mean_hz,0.1180082370735315
dmfcc13_mean,f0_std_hz,0.11793928542067071
dmfcc7_mean,f4_mean_hz,0.11784317302462208
dmfcc5_mean,dmfcc1_std,0.11768609311220395
mfcc6_mean,jitter_ppq5,0.11757288555325904
mfcc13_mean,dmfcc9_mean,0.11741310999763681
hnr_mean_db,f4_mean_hz,0.11735144987510383
dmfcc11_std,f0_min_hz,0.1173395167478952
spec_energy_high_mean,mfcc9_mean,0.11719286950038943
dmfcc5_mean,dmfcc4_std,0.11709235060689424
dmfcc9_mean,f1_mean_hz,0.11706232430451513
spec_energy_mid_mean,mfcc12_mean,0.11702204051620306
dmfcc11_mean,dmfcc4_mean,0.11688725616061797
dmfcc8_mean,f0_mean_hz,0.11676753145976725
mfcc2_mean,f4_mean_hz,0.11659066136139455
dmfcc10_std,mfcc4_mean,0.11650127925212639
spec_centroid_std_hz,f1_mean_hz,0.1164847028346882
spec_centroid_std_hz,f2_mean_hz,0.1164592308884448
dmfcc9_mean,dmfcc6_std,0.11640675880411692
dmfcc11_std,f0_cv,0.11634731685273274
mfcc10_mean,f2_mean_hz,0.11629999782785173
mfcc7_std,f0_cv,0.11622865047964254
shannon_s1_amp,dmfcc10_std,0.11595851204768484
f4_std_hz,f0_cv,0.11594003115813636
dmfcc13_mean,dmfcc4_mean,0.11581809721030316
dmfcc8_std,dmfcc1_mean,0.11581615387600888
mfcc8_std,dmfcc6_mean,0.11578841589797999
spec_energy_high_mean,mfcc9_std,0.11561204076243026
mfcc5_std,shimmer_apq5,0.11548602469188893
jitter_local,f0_mean_hz,0.11545562300109975
dmfcc8_mean,f1_std_hz,0.1154533066257345
dmfcc6_mean,mfcc5_mean,0.11537261126940952
spec_flux_std,mfcc12_mean,0.11536693620949628
spec_energy_high_mean,f4_mean_hz,0.1150677972998743
mfcc8_std,mfcc7_mean,0.11499224932019479
shimmer_apq5,f1_std_hz,0.11492930298207818
dmfcc10_std,dmfcc1_mean,0.11487539594697714
dmfcc6_std,f0_std_hz,0.11438117403962121
mfcc7_std,dmfcc5_mean,0.11437785545803801
spec_energy_high_mean,dmfcc5_mean,0.11432478645250924
mfcc12_mean,mfcc4_std,0.11416444424711136
mfcc4_std,f1_mean_hz,0.11412961858769882
mfcc6_mean,mfcc3_std,0.11408996786395678
mfcc7_mean,jitter_ppq5,0.1140828940050888
spec_rolloff_std_hz,dmfcc2_mean,0.1140445184655517
shannon_s1_f0,mfcc11_mean,0.11400188305637876
spec_flux_std,dmfcc7_mean,0.11388891000946424
mfcc6_mean,dmfcc3_std,0.1138496329697326
spec_centroid_mean_hz,f0_max_hz,0.11342491596882168
dmfcc8_std,dmfcc7_mean,0.11326407753902724
dmfcc2_mean,shimmer_local,0.11318466492576829
mfcc11_mean,mfcc4_mean,0.11318082477967828
dmfcc2_mean,mfcc2_std,0.11314442019329801
mfcc6_mean,dmfcc4_std,0.11303509278229251
dmfcc2_mean,shimmer_apq5,0.11296919143187703
dmfcc7_std,f0_cv,0.11263626304988675
mfcc9_mean,mfcc2_mean,0.11254470724064394
dmfcc7_mean,dmfcc2_std,0.11246297598449116
mfcc12_mean,mfcc1_mean,0.11222319757439746
dmfcc11_mean,mfcc7_mean,0.11212537347055328
shannon_s1_amp,spec_energy_high_mean,0.11211089210166476
spec_centroid_std_hz,mfcc3_mean,0.11210370462019653
dmfcc9_mean,dmfcc6_mean,0.11205512411056406
dmfcc11_mean,f3_std_hz,0.11182703364557285
mfcc8_mean,mfcc4_mean,0.11170854949809444
hnr_mean_db,f0_max_hz,0.11160352116145593
spec_energy_low_mean,f3_mean_hz,0.1115912222915575
mfcc7_mean,mfcc4_std,0.11111079831327178
dmfcc12_mean,mfcc2_std,0.11110020237980162
mfcc7_mean,mfcc4_mean,0.11104894187586446
spec_energy_high_mean,mfcc12_std,0.11103297927599268
dmfcc7_mean,mfcc3_std,0.11099707521172604
spec_rolloff_mean_hz,mfcc7_mean,0.11097763268936112
dmfcc9_mean,mfcc7_std,0.1108923796498243
spec_rolloff_mean_hz,jitter_rap,0.11085726648658362
mfcc5_std,f3_mean_hz,0.1107818549648955
tsallis_sq_f0,f4_mean_hz,0.11072683882393897
dmfcc11_mean,dmfcc9_std,0.1106554670463586
mfcc2_mean,shimmer_local,0.11064100636475391
mfcc10_mean,dmfcc1_std,0.11052971476831105
spec_energy_high_mean,f2_std_hz,0.11043273766176848
dmfcc13_mean,f3_std_hz,0.11036968701405114
spec_centroid_mean_hz,dmfcc3_std,0.1103048542358152
jitter_ppq5,f3_mean_hz,0.11015439658697351
dmfcc13_std,f3_std_hz,0.11003535646441776
shannon_s1_f0,f4_mean_hz,0.10997507778472698
spec_flux_std,mfcc10_mean,0.10985750264567393
dmfcc13_mean,mfcc8_std,0.10972684743003806
dmfcc8_std,dmfcc2_mean,0.10969396940156903
spec_rolloff_mean_hz,shimmer_apq11,0.10966911256780712
spec_centroid_std_hz,shimmer_apq11,0.10963264770663245
spec_centroid_std_hz,mfcc10_mean,0.10959224775392065
dmfcc6_mean,f1_mean_hz,0.10950214889723597
dmfcc2_mean,shimmer_apq3,0.1094654238740621
spec_centroid_mean_hz,mfcc5_mean,0.10938309591201126
tsallis_sq_f0,shannon_s1_amp,0.10935537666435918
mfcc2_std,jitter_local,0.10925754572531013
dmfcc8_mean,jitter_local,0.10925513099780002
mfcc8_std,f3_mean_hz,0.10917738236346977
dmfcc10_mean,f2_mean_hz,0.10906205791945324
jitter_local,f0_max_hz,0.10903167212881053
shimmer_apq11,f1_mean_hz,0.10885335055213657
mfcc8_mean,dmfcc3_std,0.10883801198306647
mfcc2_std,f4_mean_hz,0.10881693111651627
shimmer_local,f2_mean_hz,0.10868945045961952
mfcc13_std,f3_mean_hz,0.10864994179883562
spec_energy_low_mean,dmfcc4_mean,0.10864054748473473
dmfcc6_mean,mfcc2_mean,0.10837898401776616
dmfcc11_std,f4_std_hz,0.10831515103703936
mfcc5_mean,mfcc2_mean,0.10830091671240823
mfcc8_mean,mfcc4_std,0.10827726842580886
spec_energy_high_mean,dmfcc13_std,0.10825876713171742
dmfcc13_mean,f0_mean_hz,0.10821930839860865
dmfcc11_mean,dmfcc8_std,0.10814868609456046
shannon_s1_f0,shannon_s1_amp,0.10785570913276116
dmfcc10_mean,shimmer_local,0.10761426619737051
dmfcc11_mean,dmfcc5_mean,0.10755232552931655
mfcc8_std,shimmer_apq3,0.10725978106534044
mfcc3_mean,f3_mean_hz,0.10707555186496266
spec_centroid_std_hz,f0_min_hz,0.10693431582234969
spec_rolloff_mean_hz,dmfcc4_std,0.10688558052572056
dmfcc11_mean,mfcc6_std,0.10664719117629624
dmfcc7_mean,shimmer_local,0.10618971358108796
mfcc2_std,jitter_rap,0.1061743450682094
dmfcc13_mean,dmfcc8_mean,0.10614321387548077
spec_rolloff_mean_hz,shimmer_apq5,0.1060740987945549
mfcc4_std,mfcc4_mean,0.10606314142886725
dmfcc9_mean,f1_std_hz,0.10604237366211708
spec_rolloff_mean_hz,f3_std_hz,0.10592147362358904
spec_energy_mid_mean,shimmer_apq11,0.10586854195413714
mfcc13_mean,f2_std_hz,0.10583742109463147
spec_flux_std,dmfcc9_mean,0.10561818839108503
shannon_s1_amp,dmfcc5_mean,0.1053925907234906
mfcc12_std,f0_cv,0.10534578028487414
dmfcc11_std,dmfcc10_mean,0.10515613161243088
mfcc10_mean,dmfcc7_std,0.10499736879132535
mfcc7_mean,mfcc3_mean,0.10499545620908017
spec_centroid_mean_hz,mfcc12_std,0.10490882523805746
spec_energy_mid_mean,mfcc10_std,0.10468757823770926
dmfcc10_mean,dmfcc3_mean,0.1046494149840223
mfcc13_std,mfcc10_mean,0.10461332136563657
dmfcc7_mean,mfcc3_mean,0.10457744953430617
dmfcc6_std,dmfcc6_mean,0.10446459433657905
dmfcc13_mean,mfcc12_std,0.10445943165106332
dmfcc2_mean,hnr_mean_db,0.1043358940318789
mfcc4_std,f3_std_hz,0.10417343907392454
spec_centroid_mean_hz,dmfcc7_std,0.10412100073819004
dmfcc13_std,mfcc10_mean,0.10406318070736514
mfcc4_mean,mfcc2_mean,0.10395744445424725
tsallis_sq_amp,f0_min_hz,0.10395465347873944
mfcc10_mean,dmfcc9_std,0.10374563355313311
mfcc12_mean,mfcc6_std,0.10368026405172738
dmfcc11_mean,jitter_rap,0.10365637560290393
spec_energy_low_mean,dmfcc13_std,0.10365361858878733
tsallis_sq_f0,dmfcc13_mean,0.10359911842839158
dmfcc5_mean,f0_max_hz,0.10358522557718783
mfcc12_mean,mfcc8_std,0.10352692325876699
dmfcc11_mean,jitter_local,0.10350538684647205
dmfcc8_mean,jitter_rap,0.10341049762508946
spec_flux_std,mfcc5_mean,0.1033826580028144
dmfcc7_mean,mfcc1_mean,0.10319445164407887
mfcc12_mean,mfcc2_mean,0.10313565539194629
mfcc9_mean,jitter_ppq5,0.1030085500967886
dmfcc11_mean,dmfcc10_std,0.10292701876587464
spec_energy_mid_mean,mfcc11_std,0.1029228950809077
jitter_ppq5,f2_mean_hz,0.10271862536589746
mfcc1_mean,shimmer_apq3,0.10266802208818311
dmfcc11_mean,shimmer_apq11,0.10256648357394875
dmfcc6_std,dmfcc4_mean,0.10252169965498056
dmfcc7_std,mfcc6_mean,0.10250176320884569
spec_rolloff_std_hz,dmfcc7_mean,0.10248610039187617
dmfcc13_std,jitter_ppq5,0.10231871506749331
f4_mean_hz,f1_std_hz,0.10229645936161874
spec_energy_low_mean,mfcc1_std,0.10225998155730917
dmfcc10_mean,shimmer_apq3,0.10221125580286881
dmfcc4_mean,f4_mean_hz,0.1021930224016841
mfcc12_std,jitter_rap,0.10218740973797945
mfcc10_std,dmfcc6_mean,0.10215778747175636
dmfcc13_mean,f0_max_hz,0.10203582281373068
shannon_s1_amp,dmfcc4_mean,0.10190923359506343
mfcc11_std,f1_mean_hz,0.10183412260190261
dmfcc11_std,dmfcc6_mean,0.10182414180441399
mfcc11_std,f3_std_hz,0.10164664361159932
spec_energy_high_mean,f0_max_hz,0.10159896748719109
spec_energy_high_mean,dmfcc6_mean,0.10151009171734192
dmfcc9_std,f3_mean_hz,0.10140657304125017
dmfcc7_std,dmfcc6_mean,0.10139971593343966
mfcc11_mean,dmfcc1_mean,0.10131293392339623
mfcc5_std,jitter_rap,0.10120745012012891
mfcc12_mean,dmfcc8_std,0.10113551740132334
mfcc10_mean,dmfcc3_std,0.10112075238488066
mfcc4_mean,shimmer_apq5,0.10095261431142821
spec_rolloff_mean_hz,f4_std_hz,0.10084070087088291
mfcc10_std,mfcc5_mean,0.1005563109842627
spec_energy_low_mean,dmfcc5_std,0.10049343572987952
mfcc1_mean,jitter_ppq5,0.10037063638052315
mfcc11_mean,jitter_ppq5,0.10033533815295924
spec_centroid_mean_hz,f4_std_hz,0.10024149094989274
mfcc4_mean,shimmer_apq3,0.10023404456938233
spec_centroid_mean_hz,dmfcc5_mean,0.10018049202869346
dmfcc12_mean,mfcc1_std,0.09972195411442315
spec_flux_mean,f2_mean_hz,0.09966578672366283
dmfcc13_std,jitter_local,0.09960998671969677
dmfcc10_std,f3_mean_hz,0.0996005315471583
mfcc9_mean,mfcc6_std,0.09949240202868812
dmfcc12_std,dmfcc7_mean,0.09946887331120373
mfcc9_std,jitter_rap,0.09945294323165355
spec_flux_std,spec_centroid_mean_hz,0.09944854214378147
dmfcc13_mean,dmfcc5_std,0.09944263161396591
dmfcc7_std,f4_std_hz,0.09928784806948246
mfcc6_mean,dmfcc4_mean,0.09910692786483592
dmfcc7_std,f3_mean_hz,0.09891588505504528
jitter_rap,f0_mean_hz,0.09886081162965447
spec_rolloff_std_hz,dmfcc13_mean,0.09880524128364311
dmfcc10_mean,mfcc2_mean,0.0986918951169302
dmfcc13_mean,shimmer_apq11,0.09868293355313619
tsallis_sq_amp,dmfcc8_mean,0.0986705681437839
dmfcc12_mean,mfcc8_std,0.09863789946556673
mfcc12_mean,dmfcc4_std,0.09862274987314203
mfcc12_mean,mfcc7_std,0.09856092595310556
spec_energy_low_mean,mfcc13_mean,0.09844808782732666
dmfcc10_mean,dmfcc4_std,0.09837676528768705
mfcc11_std,mfcc11_mean,0.09828199354628143
shannon_s1_amp,spec_rolloff_std_hz,0.09820095937068105
mfcc8_mean,mfcc1_std,0.09812912357378849
dmfcc11_std,f2_mean_hz,0.0981290489735006
mfcc2_std,f3_mean_hz,0.0979622367857114
jitter_ppq5,f4_std_hz,0.09793417212487575
mfcc9_mean,f2_std_hz,0.09781953488194742
mfcc8_std,f1_mean_hz,0.0977271412988291
dmfcc11_std,dmfcc3_mean,0.09766163019593611
dmfcc13_mean,mfcc13_std,0.09763207904939251
shimmer_apq3,f3_mean_hz,0.09761723812049822
dmfcc8_mean,jitter_ppq5,0.09744405991683072
hnr_mean_db,f2_std_hz,0.09728662167905794
dmfcc13_std,f2_mean_hz,0.09722542382173337
dmfcc12_mean,dmfcc11_std,0.09715131711600553
mfcc13_mean,mfcc11_std,0.09697214869695624
spec_energy_low_mean,mfcc11_mean,0.09659472345457826
mfcc13_std,dmfcc2_mean,0.09658632657751293
shimmer_apq3,f2_mean_hz,0.09651367215993022
mfcc3_std,f4_mean_hz,0.09617639357265037
spec_energy_low_mean,mfcc5_std,0.09611699115431722
mfcc11_mean,dmfcc9_mean,0.0960600209074015
mfcc11_std,mfcc5_mean,0.09601798147630337
spec_rolloff_std_hz,dmfcc4_mean,0.09601143885933469
mfcc2_std,jitter_ppq5,0.09594701882672331
mfcc10_mean,jitter_ppq5,0.09592928616881007
spec_energy_high_mean,jitter_ppq5,0.09589463098836766
mfcc13_std,f4_mean_hz,0.09583007650148147
tsallis_sq_f0,mfcc9_mean,0.09573419142050262
spec_flux_mean,mfcc3_mean,0.09540119641891219
mfcc5_mean,dmfcc4_std,0.0953964474963531
dmfcc10_mean,mfcc3_std,0.09529577518106118
spec_flux_std,mfcc8_mean,0.09522718745837451
mfcc5_std,jitter_local,0.0952267705845836
dmfcc1_mean,f1_mean_hz,0.09522395850488187
spec_energy_mid_mean,dmfcc9_std,0.09505821354267405
dmfcc4_mean,f4_std_hz,0.0949260592041139
mfcc6_mean,f2_std_hz,0.0948388552274816
shimmer_local,f3_mean_hz,0.0948057388949951
mfcc12_std,f3_mean_hz,0.09480093192942023
mfcc11_mean,f3_std_hz,0.09480055747238773
mfcc5_std,shimmer_local,0.09470726125610483
shannon_s1_f0,dmfcc7_mean,0.09467287399762389
shimmer_apq11,f3_mean_hz,0.0946664279566901
mfcc11_std,dmfcc3_mean,0.0944693784601208
mfcc5_std,f4_mean_hz,0.09426567584229009
tsallis_sq_amp,f2_mean_hz,0.09418859730119068
mfcc10_mean,dmfcc3_mean,0.09414972786764862
mfcc11_mean,mfcc3_std,0.09405913029444156
dmfcc6_mean,dmfcc1_mean,0.09392099321936591
spec_energy_mid_mean,dmfcc3_mean,0.09381881089383676
mfcc9_mean,f3_mean_hz,0.09381052172742405
spec_flux_mean,mfcc1_mean,0.09365682106421823
mfcc11_mean,dmfcc2_mean,0.09347042270898628
mfcc9_std,dmfcc1_mean,0.09322331888529517
mfcc7_std,dmfcc3_mean,0.09309386436432573
dmfcc9_std,jitter_local,0.09303822766442668
mfcc7_mean,shimmer_apq5,0.09302057951817995
dmfcc12_mean,mfcc9_std,0.09300345309338824
tsallis_sq_f0,mfcc12_mean,0.09295916287782965
spec_energy_mid_mean,dmfcc2_mean,0.09292929445327176
spec_energy_high_mean,mfcc10_mean,0.09286537333333335
spec_rolloff_std_hz,shimmer_local,0.09282305230566242
jitter_rap,f0_max_hz,0.09280566797204531
dmfcc13_std,dmfcc4_mean,0.09278369521104753
mfcc12_std,jitter_local,0.09272954804727332
mfcc13_mean,mfcc2_mean,0.09268827624669122
dmfcc12_std,mfcc5_mean,0.09263780028210217
dmfcc2_std,f0_min_hz,0.09240281090256633
shimmer_apq11,f1_std_hz,0.0923872870060702
spec_energy_high_mean,dmfcc5_std,0.0923769372086218
tsallis_sq_amp,dmfcc11_mean,0.09232652780289466
dmfcc13_mean,mfcc11_std,0.09223737882862558
mfcc10_mean,dmfcc2_mean,0.092111406345934
spec_rolloff_std_hz,dmfcc1_mean,0.09209326491868125
tsallis_sq_amp,dmfcc5_mean,0.0920473977528872
dmfcc5_mean,dmfcc2_mean,0.0920097955661962
spec_flux_std,f0_mean_hz,0.09199625795912952
dmfcc8_mean,f0_min_hz,0.09194154466382144
spec_energy_high_mean,dmfcc9_std,0.09189427283372996
spec_centroid_mean_hz,mfcc13_mean,0.09189387639012976
mfcc10_mean,mfcc7_std,0.09181784652063164
shannon_s1_amp,spec_energy_low_mean,0.0916812909011316
spec_centroid_mean_hz,hnr_mean_db,0.09150809837999152
spec_energy_low_mean,dmfcc12_std,0.09144006343084768
mfcc10_mean,mfcc6_std,0.09142637212162481
dmfcc8_mean,dmfcc5_std,0.09136856933714091
mfcc9_std,jitter_local,0.09129437763977909
dmfcc13_mean,hnr_mean_db,0.09127189412182453
dmfcc9_mean,dmfcc7_std,0.0912680407455099
mfcc13_std,dmfcc12_mean,0.09124297483553014
dmfcc13_std,jitter_rap,0.09117900299257795
shannon_s1_amp,dmfcc8_std,0.09116463513218731
mfcc2_mean,f3_std_hz,0.09089150062596371
mfcc5_mean,f0_cv,0.09085018190669229
tsallis_sq_amp,dmfcc4_mean,0.09083788551550291
spec_rolloff_mean_hz,dmfcc12_std,0.09080932973835643
tsallis_sq_amp,f2_std_hz,0.09075843185933499
spec_energy_mid_mean,dmfcc8_std,0.09074990542892995
spec_energy_mid_mean,mfcc12_std,0.09073673348092956
spec_energy_high_mean,f0_cv,0.09072855156659906
mfcc5_std,jitter_ppq5,0.09069906601358896
tsallis_sq_amp,f1_mean_hz,0.09063354736050484
tsallis_sq_amp,mfcc11_std,0.0906260392131886
dmfcc8_std,f2_mean_hz,0.09043837221971182
spec_energy_low_mean,dmfcc13_mean,0.09042465599943454
spec_flux_mean,dmfcc6_mean,0.09019739098646273
spec_energy_high_mean,f3_std_hz,0.09017855161034463
dmfcc9_mean,mfcc8_mean,0.08984721513121922
dmfcc2_mean,jitter_ppq5,0.0898390148467523
spec_flux_mean,dmfcc4_mean,0.08968799520642205
dmfcc13_std,dmfcc6_mean,0.08940822969987233
dmfcc13_mean,mfcc12_mean,0.08932240315727437
mfcc8_mean,shimmer_apq11,0.08929811771084085
dmfcc4_std,dmfcc2_mean,0.08924947171290912
spec_energy_high_mean,dmfcc3_mean,0.08924928097025497
shannon_s1_amp,mfcc8_std,0.08920382330144742
dmfcc10_std,f0_cv,0.08898951903845755
dmfcc10_std,jitter_rap,0.08877075494237374
shannon_s1_amp,f4_mean_hz,0.08873291338049613
mfcc12_mean,mfcc1_std,0.08863240076811493
mfcc6_mean,f0_std_hz,0.08857501988877033
mfcc12_mean,f1_std_hz,0.0885701708323073
spec_flux_std,f4_std_hz,0.08833858567832
spec_energy_high_mean,mfcc7_mean,0.08824839105315305
dmfcc10_mean,jitter_rap,0.08812263493324507
dmfcc12_mean,dmfcc4_std,0.08802128567975677
mfcc6_std,f2_mean_hz,0.08796612721519512
dmfcc4_std,jitter_local,0.0879010630088214
dmfcc12_mean,jitter_rap,0.0878997699092971
mfcc8_mean,f0_mean_hz,0.0878466481924757
dmfcc12_mean,jitter_local,0.08783944162695863
dmfcc10_mean,f1_std_hz,0.08776788742625002
dmfcc12_mean,mfcc10_mean,0.08770904917011624
dmfcc5_mean,f0_min_hz,0.08766436374991309
mfcc10_std,dmfcc7_mean,0.08761491247363772
mfcc7_mean,f4_std_hz,0.08742054277714041
mfcc7_mean,f1_mean_hz,0.08741482668009368
dmfcc8_mean,mfcc3_std,0.08735144934205899
dmfcc4_std,f4_mean_hz,0.0872566650101392
dmfcc13_std,dmfcc5_mean,0.08725443679738475
spec_centroid_std_hz,mfcc7_mean,0.08724520344993396
mfcc12_std,dmfcc2_mean,0.0872187063085691
dmfcc3_mean,f4_mean_hz,0.08717638188629441
mfcc10_std,dmfcc2_mean,0.08712304611397592
mfcc8_mean,dmfcc1_mean,0.08710554912491202
mfcc12_std,mfcc8_mean,0.08700777947452369
mfcc3_std,shimmer_apq3,0.0867676067508073
dmfcc11_mean,mfcc11_mean,0.08674132405075913
dmfcc8_mean,f3_mean_hz,0.0867267082294072
dmfcc11_mean,mfcc3_mean,0.08671272090118733
spec_energy_mid_mean,dmfcc6_std,0.08670745098728738
spec_rolloff_mean_hz,mfcc10_mean,0.08665537949930002
spec_energy_high_mean,mfcc11_std,0.08657364402780955
dmfcc2_mean,f4_mean_hz,0.08644182339938743
dmfcc9_std,dmfcc9_mean,0.08642989352790395
dmfcc6_std,dmfcc1_mean,0.08642771040238746
dmfcc9_mean,shimmer_apq5,0.08635649765183562
spec_rolloff_mean_hz,dmfcc2_mean,0.08608442709602634
mfcc12_std,dmfcc7_mean,0.08608016904543514
dmfcc12_std,dmfcc11_mean,0.08596136852334034
mfcc12_mean,mfcc6_mean,0.085928262801003
dmfcc10_std,jitter_local,0.08586731042983972
spec_rolloff_mean_hz,dmfcc2_std,0.08582172389100612
mfcc9_mean,jitter_local,0.08568404925745714
spec_energy_high_mean,spec_energy_low_mean,0.08560006794617718
dmfcc12_mean,mfcc12_std,0.08556320208942818
spec_energy_low_mean,dmfcc4_std,0.08553037309909475
spec_flux_std,f1_mean_hz,0.08543213449457177
spec_energy_mid_mean,mfcc8_std,0.08526996162267499
dmfcc3_mean,f1_mean_hz,0.08521295996263788
spec_energy_low_mean,dmfcc10_std,0.08512468509260653
dmfcc12_std,f4_std_hz,0.08507644243592603
mfcc2_mean,shimmer_apq5,0.08494738294665494
mfcc5_std,f4_std_hz,0.08470092044098833
mfcc6_std,f4_mean_hz,0.08453127744694687
dmfcc13_mean,dmfcc11_std,0.08452082423226291
mfcc10_mean,dmfcc6_std,0.08451117973816706
tsallis_sq_amp,mfcc13_std,0.08444274695094044
dmfcc8_mean,shimmer_local,0.08441803474709372
shannon_s1_amp,dmfcc8_mean,0.08437112416195681
dmfcc12_mean,mfcc6_std,0.08429567047057424
mfcc1_std,f0_mean_hz,0.08425564913618025
spec_rolloff_mean_hz,dmfcc10_std,0.08422643329508217
dmfcc11_mean,mfcc2_mean,0.08420039577904352
mfcc8_mean,f0_max_hz,0.08417779541862458
spec_energy_low_mean,mfcc12_std,0.08408596937248046
mfcc13_mean,mfcc10_std,0.08387508665069794
mfcc5_std,dmfcc2_mean,0.08378407260442752
shannon_s1_amp,f0_cv,0.08371238685857027
dmfcc8_mean,shimmer_apq3,0.08369872898578697
tsallis_sq_amp,f0_max_hz,0.08369858654289845
f4_std_hz,f0_max_hz,0.08361782544686716
dmfcc8_mean,f3_std_hz,0.08359460558283767
spec_energy_high_mean,jitter_local,0.08355477345983793
dmfcc9_mean,dmfcc8_std,0.08351255282973659
mfcc3_mean,f0_max_hz,0.08347305321653348
shannon_s1_amp,f1_std_hz,0.08341971622398911
dmfcc7_mean,mfcc4_std,0.08336139598757046
spec_energy_low_mean,f2_std_hz,0.08330823618833634
spec_rolloff_mean_hz,mfcc6_mean,0.08327929100331269
mfcc5_mean,jitter_local,0.08325971046052984
dmfcc6_mean,f0_min_hz,0.08312973356821496
mfcc1_std,jitter_local,0.08304023839385298
spec_rolloff_std_hz,f0_std_hz,0.08302874666472145
dmfcc13_mean,dmfcc3_std,0.0829590151933465
dmfcc5_std,dmfcc1_mean,0.08278427866081502
dmfcc10_mean,f2_std_hz,0.08277240614881802
mfcc13_mean,mfcc12_std,0.0827676788474723
dmfcc9_mean,mfcc5_mean,0.08256239567128372
mfcc9_std,mfcc8_mean,0.08245281875315034
tsallis_sq_amp,f0_mean_hz,0.08238780700277609
spec_energy_high_mean,f0_std_hz,0.08236886671960153
shannon_s1_amp,mfcc2_mean,0.08236662674844725
tsallis_sq_amp,dmfcc10_std,0.08235207258916574
dmfcc10_std,mfcc8_mean,0.082321069921177
dmfcc11_std,dmfcc1_mean,0.0823069673724453
spec_centroid_mean_hz,dmfcc4_std,0.08229342355981827
dmfcc5_mean,jitter_rap,0.08212291460076336
spec_energy_low_mean,dmfcc9_std,0.08211710948539828
mfcc12_std,dmfcc9_mean,0.08190231979601957
mfcc12_std,mfcc10_mean,0.08190225638461636
mfcc9_std,f0_std_hz,0.08186353409810787
f2_mean_hz,f0_min_hz,0.08185304973206574
spec_centroid_mean_hz,f3_mean_hz,0.0818028218501037
dmfcc5_std,f4_mean_hz,0.08170306081433054
mfcc13_mean,mfcc5_mean,0.08166893785050526
spec_energy_high_mean,f1_std_hz,0.0816356888918105
dmfcc12_mean,mfcc1_mean,0.08157265996925507
shannon_s1_amp,jitter_local,0.08134833262329602
mfcc11_mean,jitter_local,0.08133265627233498
mfcc7_std,dmfcc4_mean,0.08115144294377687
dmfcc12_mean,f3_mean_hz,0.08109772561798032
dmfcc13_std,mfcc4_mean,0.08107842482423969
mfcc12_mean,dmfcc3_std,0.08100710983126827
spec_energy_high_mean,dmfcc4_mean,0.08098538439440131
dmfcc3_std,dmfcc2_mean,0.0809762831905351
mfcc10_mean,dmfcc4_std,0.08096568108665773
dmfcc4_mean,f0_max_hz,0.08093218756500838
dmfcc6_mean,mfcc5_std,0.08087469343184212
dmfcc13_mean,mfcc7_std,0.08069508974997175
f4_mean_hz,f2_mean_hz,0.0806864186587153
mfcc11_mean,dmfcc8_mean,0.08061448695285235
spec_rolloff_std_hz,jitter_ppq5,0.08056899208766989
mfcc7_std,f4_std_hz,0.08041382027800208
dmfcc12_mean,dmfcc1_std,0.08028025718166734
dmfcc4_std,dmfcc4_mean,0.08024524657098735
dmfcc13_mean,dmfcc12_mean,0.08008415772803316
spec_centroid_std_hz,dmfcc3_mean,0.08004247822762316
dmfcc10_mean,jitter_local,0.0799682154804527
shannon_s1_f0,f1_mean_hz,0.0797670868757831
dmfcc9_mean,shimmer_apq3,0.07953825245330311
dmfcc9_mean,shimmer_local,0.07947968202382184
mfcc1_mean,jitter_local,0.0794563863942352
dmfcc5_mean,dmfcc3_std,0.07931728071505051
mfcc13_mean,f1_mean_hz,0.07916337050965785
mfcc9_std,f0_min_hz,0.0790892898957431
shannon_s1_amp,f0_std_hz,0.07908303948978786
tsallis_sq_amp,dmfcc7_std,0.0790343130230603
dmfcc13_std,dmfcc3_mean,0.07870253029994952
mfcc11_mean,hnr_mean_db,0.07853530488786223
dmfcc4_std,jitter_rap,0.07851031844218927
dmfcc12_std,dmfcc1_mean,0.0783129117553092
dmfcc9_std,dmfcc5_mean,0.0782843139728814
dmfcc7_mean,dmfcc3_mean,0.07823528342734033
hnr_mean_db,f3_mean_hz,0.07801012639942874
spec_rolloff_std_hz,mfcc3_mean,0.0779785713473956
dmfcc8_mean,dmfcc7_std,0.07784403612207458
mfcc13_mean,f2_mean_hz,0.07783719751537521
dmfcc12_mean,mfcc8_mean,0.07770921326512611
mfcc13_mean,dmfcc12_std,0.077665226226276
f1_mean_hz,f0_mean_hz,0.07765320972489906
spec_energy_high_mean,jitter_rap,0.07762175921708571
tsallis_sq_f0,dmfcc7_mean,0.07751012019664738
dmfcc5_mean,jitter_local,0.07750517228165736
mfcc13_mean,dmfcc4_mean,0.07746754127206476
dmfcc9_mean,dmfcc2_mean,0.07740445570001472
dmfcc12_mean,f0_std_hz,0.07735570492628212
dmfcc13_mean,mfcc2_mean,0.07734674393385355
tsallis_sq_amp,mfcc5_std,0.07733324002603216
dmfcc7_std,jitter_ppq5,0.07729993143304865
mfcc1_std,jitter_rap,0.0772335075389999
spec_energy_mid_mean,dmfcc7_mean,0.07720134388452035
dmfcc1_mean,f1_std_hz,0.07718430747805752
mfcc3_std,f1_mean_hz,0.07713928894194379
dmfcc3_std,f3_mean_hz,0.07712520375027414
tsallis_sq_f0,f1_mean_hz,0.07709222785216027
spec_flux_std,f2_mean_hz,0.07706491088414061
dmfcc3_mean,f2_std_hz,0.07692828363070651
mfcc12_mean,dmfcc4_mean,0.07687186419263158
mfcc5_mean,mfcc1_mean,0.07681097536181411
dmfcc1_std,f3_mean_hz,0.07670654306311521
dmfcc13_mean,f2_std_hz,0.07659227299526127
dmfcc5_mean,dmfcc2_std,0.07652660702458927
mfcc12_std,jitter_ppq5,0.07650938734918347
dmfcc4_std,jitter_ppq5,0.07650477654071416
dmfcc13_mean,f0_min_hz,0.07646571702404394
dmfcc11_mean,dmfcc1_mean,0.0763746168671544
mfcc8_mean,f0_min_hz,0.07633920592867614
spec_rolloff_mean_hz,dmfcc7_mean,0.07627825448915643
dmfcc7_mean,dmfcc1_std,0.07621086295239639
spec_energy_low_mean,f4_std_hz,0.07615790482944106
mfcc11_mean,dmfcc4_mean,0.0761497055975617
mfcc8_std,dmfcc3_mean,0.07604241776816006
spec_rolloff_mean_hz,dmfcc10_mean,0.07597580133316997
mfcc12_std,f3_std_hz,0.07589589274322527
dmfcc9_std,jitter_rap,0.07585025814111117
mfcc9_std,jitter_ppq5,0.07580549792585747
spec_rolloff_mean_hz,dmfcc13_mean,0.07580050291215479
dmfcc7_mean,f1_std_hz,0.07566668901681603
mfcc8_std,mfcc5_mean,0.07542851861681761
jitter_local,f3_mean_hz,0.07538290133535729
spec_flux_mean,dmfcc12_mean,0.07515214060412034
mfcc12_mean,dmfcc5_mean,0.07494271929129837
dmfcc8_mean,dmfcc4_std,0.07492415742678081
dmfcc3_mean,mfcc2_mean,0.07491223336256643
spec_energy_low_mean,dmfcc11_std,0.07486887466713732
mfcc1_mean,jitter_rap,0.07486164808641291
spec_rolloff_mean_hz,shimmer_local,0.07481126473084583
mfcc8_mean,mfcc5_mean,0.0747959780664296
dmfcc6_std,f4_std_hz,0.07474546965594493
dmfcc10_std,jitter_ppq5,0.07469385440647121
mfcc9_std,mfcc5_mean,0.07462077497559684
spec_rolloff_std_hz,jitter_local,0.0745624957460825
dmfcc8_mean,mfcc5_std,0.07447505869525423
mfcc3_mean,f4_std_hz,0.07437309773593567
dmfcc10_mean,dmfcc9_std,0.07435903723130945
spec_centroid_std_hz,mfcc4_mean,0.07426315376229548
spec_rolloff_std_hz,jitter_rap,0.07416645633624738
mfcc10_std,dmfcc3_mean,0.0741377004725955
mfcc9_mean,mfcc8_mean,0.07400649828572757
mfcc2_mean,shimmer_apq3,0.07397783447288912
spec_rolloff_std_hz,dmfcc11_mean,0.07363191869898092
spec_energy_low_mean,mfcc4_std,0.07316247779914975
spec_energy_low_mean,shimmer_apq11,0.07310695344896327
mfcc12_mean,f1_mean_hz,0.07292717205906508
spec_centroid_mean_hz,dmfcc4_mean,0.07291994922384214
spec_centroid_mean_hz,dmfcc1_mean,0.07286560339462586
mfcc9_mean,f0_max_hz,0.07281023272595759
dmfcc6_std,f0_cv,0.07273572576893618
dmfcc12_mean,mfcc5_mean,0.07257875284501526
shannon_s1_f0,mfcc12_mean,0.07250256972907926
mfcc10_mean,f4_mean_hz,0.07249945556116927
spec_centroid_mean_hz,dmfcc6_std,0.0720436296124676
tsallis_sq_amp,spec_centroid_std_hz,0.07187863210600932
spec_flux_std,dmfcc12_mean,0.07180784418857639
dmfcc1_std,f1_mean_hz,0.0717991067636087
shannon_s1_amp,jitter_rap,0.07179354690629945
mfcc7_mean,mfcc2_std,0.07175465136401872
dmfcc5_mean,f4_std_hz,0.07174339103642602
dmfcc9_mean,mfcc1_mean,0.07168746533202078
shannon_s1_amp,mfcc12_mean,0.07163050984806507
shannon_s1_amp,dmfcc11_mean,0.07157483118701173
spec_rolloff_mean_hz,dmfcc11_std,0.0715176331054029
dmfcc10_mean,dmfcc5_mean,0.07141315357220795
dmfcc4_mean,f3_std_hz,0.07136711004814611
spec_centroid_mean_hz,dmfcc10_std,0.07136195856189127
mfcc12_mean,dmfcc11_std,0.07123649994879182
dmfcc10_std,f4_mean_hz,0.07116866525477364
jitter_local,f2_mean_hz,0.07095783673291835
dmfcc11_std,mfcc7_mean,0.07092592306202436
dmfcc3_mean,f3_std_hz,0.07089493606872675
dmfcc10_std,dmfcc7_mean,0.07084713280178598
dmfcc13_mean,mfcc2_std,0.07074493933245214
mfcc5_mean,dmfcc2_std,0.07073505544679463
dmfcc12_mean,mfcc5_std,0.0706712345486708
mfcc5_std,f0_min_hz,0.07061964699977188
spec_energy_high_mean,mfcc4_std,0.07056975529435652
mfcc4_mean,shimmer_local,0.0705126183503368
mfcc10_mean,dmfcc7_mean,0.07041495237738225
mfcc11_std,mfcc7_mean,0.07033519563383378
dmfcc5_mean,mfcc4_std,0.07017689971749663
mfcc12_std,dmfcc6_mean,0.07014474617132356
f4_std_hz,f0_std_hz,0.07006412514441404
mfcc10_mean,f2_std_hz,0.07003220711683504
mfcc12_mean,mfcc7_mean,0.0698403104166108
tsallis_sq_f0,tsallis_sq_amp,0.06967071351019313
dmfcc11_std,dmfcc5_mean,0.06964154181229991
dmfcc11_mean,mfcc9_mean,0.06959480207306909
tsallis_sq_amp,f1_std_hz,0.06954962277760972
spec_rolloff_std_hz,dmfcc10_mean,0.06944373951769357
spec_centroid_mean_hz,mfcc7_std,0.06933837446637749
mfcc11_mean,mfcc8_mean,0.06929055023040281
dmfcc9_mean,mfcc9_std,0.06920334094393855
spec_centroid_std_hz,mfcc9_mean,0.06918305727944303
mfcc9_std,mfcc7_mean,0.06901099904827496
mfcc12_mean,mfcc4_mean,0.06900493358753748
mfcc1_mean,f0_std_hz,0.0688639259096499
mfcc7_mean,hnr_mean_db,0.06885014914178351
mfcc10_mean,f0_max_hz,0.06881145519833445
mfcc1_std,jitter_ppq5,0.06879065784647218
mfcc6_std,jitter_ppq5,0.06873834992938933
spec_energy_low_mean,dmfcc8_std,0.06865082292978847
shannon_s1_amp,f2_mean_hz,0.06864305199509405
dmfcc8_mean,f2_std_hz,0.06859126250216617
f2_mean_hz,f0_std_hz,0.06858788558335119
mfcc2_mean,jitter_ppq5,0.06849106453892571
dmfcc8_mean,mfcc6_mean,0.06840068787687659
mfcc10_mean,mfcc3_std,0.06832548035179731
mfcc9_mean,f1_mean_hz,0.06819045583800742
dmfcc7_mean,f4_std_hz,0.06816728636808789
dmfcc11_mean,f0_max_hz,0.06806171507539835
f3_mean_hz,f0_max_hz,0.06791088415709894
mfcc12_mean,mfcc2_std,0.06778826551264108
dmfcc8_std,mfcc4_mean,0.06771294202235298
mfcc6_std,jitter_local,0.06771166789345678
tsallis_sq_f0,f0_min_hz,0.06767466170524884
f3_mean_hz,f0_mean_hz,0.06767406180628147
spec_energy_high_mean,dmfcc13_mean,0.06766321262018912
dmfcc13_mean,mfcc9_mean,0.06754494559147822
shannon_s1_f0,tsallis_sq_amp,0.06722205902126381
spec_centroid_std_hz,mfcc8_mean,0.06719352610390278
dmfcc12_mean,jitter_ppq5,0.06713749925804999
dmfcc11_mean,f2_std_hz,0.06687052542842015
dmfcc12_std,mfcc10_mean,0.06673739223702427
dmfcc7_mean,f0_min_hz,0.0666488991991583
dmfcc12_std,dmfcc8_mean,0.06660209525133977
mfcc7_std,dmfcc1_mean,0.06646320141343769
dmfcc10_std,f3_std_hz,0.06642224960625193
dmfcc7_mean,shimmer_apq11,0.06639101219586027
spec_energy_high_mean,mfcc5_std,0.06632098815279003
shannon_s1_f0,mfcc9_mean,0.06626411341447967
tsallis_sq_f0,mfcc5_mean,0.06622466829268032
dmfcc4_mean,shimmer_apq11,0.06609561275115702
spec_rolloff_mean_hz,mfcc12_mean,0.06609122871821058
dmfcc11_mean,mfcc8_mean,0.0659710342560575
dmfcc13_mean,dmfcc7_std,0.06591261503490094
dmfcc8_std,f1_mean_hz,0.06586903775932076
mfcc12_mean,mfcc11_std,0.06582045510402369
mfcc11_std,dmfcc4_mean,0.06563213829595561
spec_flux_mean,mfcc4_mean,0.06553273051184508
spec_centroid_mean_hz,mfcc10_mean,0.06546996103337806
mfcc13_mean,dmfcc10_mean,0.06534172013791577
dmfcc5_mean,mfcc1_mean,0.06531815812085259
mfcc11_mean,jitter_rap,0.06527879203914416
mfcc11_std,dmfcc5_mean,0.06523500800011686
spec_energy_low_mean,shimmer_local,0.06519077835633984
dmfcc3_std,f2_mean_hz,0.06509023981473715
dmfcc12_mean,mfcc7_mean,0.06503680109408289
mfcc10_mean,dmfcc8_std,0.06498419284004617
mfcc12_std,dmfcc4_mean,0.0649381822209163
mfcc4_mean,f2_mean_hz,0.06477116239484904
mfcc13_mean,mfcc4_std,0.06476040189827907
mfcc13_std,dmfcc3_mean,0.06457592328457522
mfcc12_std,mfcc4_mean,0.06456594683224216
mfcc12_std,mfcc9_mean,0.0644779372044566
mfcc12_mean,dmfcc6_mean,0.06446549156298488
dmfcc7_mean,f3_std_hz,0.06438289814067685
mfcc6_std,dmfcc1_mean,0.06434500623557321
dmfcc5_std,f0_min_hz,0.06433301811912726
mfcc13_mean,dmfcc5_mean,0.06429779515104041
dmfcc9_mean,jitter_ppq5,0.06425608211520155
shannon_s1_f0,mfcc5_mean,0.06417109441690168
mfcc7_std,mfcc4_mean,0.06414601218736692
dmfcc2_std,f1_mean_hz,0.06406759749725277
dmfcc12_mean,mfcc9_mean,0.06405449372021509
mfcc12_mean,dmfcc9_std,0.06399337318250004
spec_energy_high_mean,dmfcc8_mean,0.06392502154285905
spec_flux_mean,dmfcc9_mean,0.06391156741210777
tsallis_sq_amp,mfcc4_std,0.06378549720665914
mfcc6_std,jitter_rap,0.0636464251946927
shannon_s1_amp,jitter_ppq5,0.06351544756497443
mfcc10_std,jitter_rap,0.06344205623855453
shannon_s1_amp,spec_flux_std,0.06343320042342006
dmfcc4_mean,f2_mean_hz,0.06310562449261801
dmfcc9_mean,f2_mean_hz,0.06301620800442577
mfcc5_mean,jitter_rap,0.06293726665688572
dmfcc8_mean,dmfcc2_mean,0.0628876938917609
dmfcc13_std,dmfcc1_mean,0.06285816106700881
spec_energy_high_mean,shimmer_apq11,0.06282228984280133
dmfcc3_mean,f0_mean_hz,0.06260934525330304
mfcc7_mean,mfcc6_std,0.06257963394465893
dmfcc12_mean,f0_cv,0.06253986625927152
dmfcc12_mean,mfcc2_mean,0.06251547410888694
dmfcc1_mean,shimmer_local,0.062497226280328284
mfcc11_mean,mfcc6_mean,0.062447957087557286
shannon_s1_f0,spec_rolloff_std_hz,0.06241597538026843
spec_centroid_std_hz,shimmer_apq5,0.06237212196765532
dmfcc12_mean,f4_std_hz,0.06232325399336471
dmfcc11_mean,dmfcc7_std,0.06231764365777819
dmfcc12_std,dmfcc12_mean,0.06225151841061531
spec_energy_high_mean,dmfcc9_mean,0.062248744797161644
mfcc11_mean,dmfcc7_mean,0.06223064239201412
shannon_s1_amp,f0_max_hz,0.06219518117570048
mfcc11_mean,f1_mean_hz,0.06213766816031494
shannon_s1_f0,dmfcc9_mean,0.06205457097597008
spec_centroid_std_hz,dmfcc4_mean,0.06202944595433423
mfcc10_mean,hnr_mean_db,0.06192011150777489
mfcc10_mean,mfcc1_std,0.061913074855566345
mfcc9_std,dmfcc4_mean,0.06187088240275318
dmfcc9_mean,mfcc3_mean,0.06184979798694457
mfcc2_mean,f0_std_hz,0.06182368037402038
mfcc5_mean,dmfcc1_mean,0.06177242545506812
dmfcc2_mean,jitter_rap,0.0616339232611971
mfcc4_std,dmfcc2_mean,0.061604186273552956
spec_flux_std,spec_rolloff_mean_hz,0.061566588806031726
mfcc10_std,jitter_local,0.06136302539333014
f2_mean_hz,f0_mean_hz,0.06134120412730986
tsallis_sq_amp,jitter_local,0.06133874267739434
spec_energy_low_mean,dmfcc2_mean,0.061202898338782896
mfcc12_mean,hnr_mean_db,0.061170055472528864
spec_rolloff_mean_hz,dmfcc5_mean,0.061084699436241036
mfcc9_mean,jitter_rap,0.06107446376391061
spec_energy_high_mean,dmfcc7_std,0.0609424490033397
dmfcc1_mean,shimmer_apq3,0.060917380701048365
mfcc1_mean,f3_mean_hz,0.06085910102481218
mfcc10_mean,jitter_local,0.06085487736438708
dmfcc10_mean,mfcc8_std,0.06074742636916158
mfcc8_mean,dmfcc6_std,0.060743553730643274
jitter_rap,f2_mean_hz,0.06067396140018463
tsallis_sq_f0,dmfcc9_mean,0.06065874566565227
mfcc13_mean,f1_std_hz,0.06062630338062092
jitter_rap,f3_mean_hz,0.06054842373563949
dmfcc6_mean,f0_mean_hz,0.06029705548498457
mfcc11_mean,f4_std_hz,0.060208601067181525
mfcc11_mean,dmfcc10_std,0.06019611868686935
dmfcc13_mean,mfcc9_std,0.060129172529464536
spec_energy_low_mean,mfcc3_std,0.06008509233208578
spec_energy_high_mean,mfcc7_std,0.0600794718474495
spec_rolloff_std_hz,shimmer_apq3,0.06006035845443564
tsallis_sq_amp,f0_cv,0.06006001901736674
mfcc6_std,dmfcc3_mean,0.06001931803608488
dmfcc13_mean,dmfcc9_std,0.05999298879317757
dmfcc2_mean,jitter_local,0.05984680500999154
tsallis_sq_amp,f0_std_hz,0.05963033862477999
dmfcc6_std,dmfcc3_mean,0.05962206060616094
jitter_local,f4_std_hz,0.059394082117396836
dmfcc3_mean,f2_mean_hz,0.05920223989215592
dmfcc7_mean,dmfcc5_std,0.05896966208690458
spec_energy_mid_mean,dmfcc1_mean,0.058875687002507664
dmfcc10_mean,dmfcc2_mean,0.058841627489877014
spec_centroid_mean_hz,mfcc2_std,0.058778489050499184
mfcc2_mean,f2_std_hz,0.05875929160635447
mfcc7_mean,mfcc1_std,0.058758119270662934
tsallis_sq_amp,mfcc9_std,0.0584638928277743
spec_centroid_mean_hz,dmfcc11_mean,0.05835987213524372
f2_std_hz,f0_std_hz,0.05794904086607098
mfcc8_mean,mfcc5_std,0.05792727176923353
spec_centroid_mean_hz,mfcc9_std,0.05762378818231756
mfcc8_mean,dmfcc3_mean,0.05761324977656528
shannon_s1_amp,mfcc10_std,0.05750404198079527
shannon_s1_amp,f1_mean_hz,0.05749615142812453
shannon_s1_amp,mfcc9_mean,0.0573419824662547
dmfcc5_mean,jitter_ppq5,0.05728682166414595
mfcc7_std,dmfcc2_mean,0.057246070119475106
dmfcc3_mean,shimmer_apq5,0.05722609111323126
dmfcc13_std,dmfcc12_mean,0.0571914845126856
mfcc3_mean,dmfcc2_mean,0.05705872615025442
spec_rolloff_std_hz,f0_mean_hz,0.05700098136837638
shannon_s1_f0,mfcc10_mean,0.05691612901281723
spec_energy_mid_mean,mfcc2_mean,0.056894426998815056
dmfcc8_mean,shimmer_apq5,0.05676734119743077
dmfcc3_mean,mfcc3_mean,0.05674073151898486
mfcc8_std,dmfcc5_mean,0.05673036363717324
spec_centroid_mean_hz,mfcc6_mean,0.05656099453763467
mfcc7_mean,dmfcc5_mean,0.056199942381317126
spec_rolloff_mean_hz,shimmer_apq3,0.056185571468793986
dmfcc2_mean,f3_mean_hz,0.055959265916839626
spec_energy_high_mean,spec_flux_std,0.05595753843487015
spec_centroid_std_hz,shimmer_local,0.05573483276076384
dmfcc7_std,jitter_local,0.055706652162086145
dmfcc6_mean,f3_mean_hz,0.05566197380440998
tsallis_sq_f0,spec_rolloff_std_hz,0.055601587725252984
mfcc5_mean,mfcc1_std,0.055485385078817596
dmfcc2_mean,f0_mean_hz,0.055405977948118995
dmfcc6_std,dmfcc5_mean,0.055396864029186706
dmfcc8_mean,f0_cv,0.05537476609180657
dmfcc1_mean,f0_min_hz,0.0553172583404815
spec_flux_mean,dmfcc10_mean,0.0551694663371896
tsallis_sq_amp,dmfcc5_std,0.055091853423541066
f2_mean_hz,f0_cv,0.05505701365463154
dmfcc12_std,f0_std_hz,0.054903557479687934
tsallis_sq_amp,jitter_rap,0.05488929777090298
mfcc5_mean,f0_std_hz,0.05486442673261551
dmfcc5_mean,mfcc2_mean,0.054855058818237004
spec_centroid_mean_hz,dmfcc13_mean,0.05482339505600145
spec_energy_low_mean,shimmer_apq3,0.05474018817599011
dmfcc10_std,dmfcc2_mean,0.05467338655675325
spec_centroid_mean_hz,dmfcc2_mean,0.05455079954845244
spec_centroid_mean_hz,mfcc12_mean,0.05418183123809931
tsallis_sq_amp,dmfcc1_mean,0.05417534947829956
f4_std_hz,f4_mean_hz,0.0540560933214925
dmfcc9_std,f4_std_hz,0.054034138508520076
spec_centroid_std_hz,dmfcc2_mean,0.05398730694152336
mfcc12_mean,dmfcc5_std,0.05390190688296535
dmfcc4_mean,mfcc2_mean,0.05371053843071302
mfcc13_std,mfcc9_mean,0.05370911504825391
dmfcc8_std,mfcc6_mean,0.053467123697121935
mfcc8_mean,dmfcc2_mean,0.05345391525974004
dmfcc9_mean,shimmer_apq11,0.05342835123853971
mfcc3_mean,f0_cv,0.05339482104674491
dmfcc12_mean,shimmer_apq3,0.05329855436888521
mfcc13_mean,mfcc10_mean,0.05327427042400742
dmfcc9_std,dmfcc4_mean,0.0532509995342093
dmfcc9_mean,dmfcc7_mean,0.05315081266197667
dmfcc5_mean,f2_std_hz,0.0531128260465482
mfcc8_mean,f4_std_hz,0.053057686466883996
dmfcc12_mean,dmfcc8_std,0.053052072282731975
dmfcc13_std,f4_mean_hz,0.0530341924640459
mfcc6_mean,jitter_local,0.0528502586214867
dmfcc8_mean,f4_std_hz,0.05280116142303651
dmfcc4_std,dmfcc1_mean,0.05276494276122448
dmfcc1_std,dmfcc1_mean,0.05262326866382525
mfcc2_std,f0_min_hz,0.05256638105488553
dmfcc12_mean,shimmer_local,0.052441207992761495
mfcc13_std,dmfcc10_mean,0.05241234344356998
mfcc1_mean,f0_cv,0.05230345358166435
dmfcc12_std,jitter_rap,0.05219604770294951
dmfcc12_mean,dmfcc5_mean,0.052183491464819425
tsallis_sq_amp,dmfcc2_mean,0.052001591916378855
spec_centroid_mean_hz,mfcc8_std,0.05197478198147508
mfcc6_mean,mfcc1_std,0.05156838908387985
dmfcc6_mean,mfcc3_std,0.05140805345973993
f3_std_hz,f0_std_hz,0.05130635632073228
mfcc12_std,dmfcc1_mean,0.05116398096271767
spec_rolloff_std_hz,f0_cv,0.051150895067418004
shannon_s1_amp,dmfcc1_mean,0.05114368434180489
spec_flux_mean,f1_mean_hz,0.050989579971404846
dmfcc13_std,dmfcc8_mean,0.05090740034775457
mfcc8_mean,dmfcc1_std,0.05085037447206991
dmfcc6_mean,f4_mean_hz,0.05061606274189871
spec_energy_low_mean,dmfcc5_mean,0.05059439179189713
spec_rolloff_mean_hz,mfcc12_std,0.0503664534754985
tsallis_sq_amp,dmfcc7_mean,0.050069216388198313
dmfcc4_mean,dmfcc3_std,0.05000054065152506
mfcc5_mean,dmfcc2_mean,0.049869353226923596
mfcc8_std,mfcc8_mean,0.04981580112838833
f4_mean_hz,f0_std_hz,0.049720026279393606
spec_energy_high_mean,spec_rolloff_std_hz,0.04949528239162018
mfcc10_std,jitter_ppq5,0.049483565754444625
shannon_s1_f0,f0_min_hz,0.049480969601681864
mfcc3_std,dmfcc2_mean,0.04944969640023315
mfcc5_mean,mfcc3_std,0.049422299724229235
spec_energy_mid_mean,spec_flux_mean,0.04933696186536302
spec_rolloff_mean_hz,mfcc6_std,0.04931799674269027
spec_rolloff_mean_hz,mfcc5_std,0.049189182244975746
dmfcc5_std,dmfcc2_mean,0.048985153507045756
dmfcc10_std,mfcc9_mean,0.04896423878604302
dmfcc7_std,mfcc5_mean,0.04895089641334969
dmfcc7_mean,mfcc6_mean,0.048927692260175695
mfcc8_std,jitter_rap,0.04873222545400919
f0_cv,f0_mean_hz,0.04869578005035184
dmfcc7_mean,f2_mean_hz,0.048683145187828326
dmfcc9_mean,mfcc7_mean,0.04859511325385045
dmfcc7_std,mfcc7_mean,0.04854983184569551
spec_rolloff_mean_hz,mfcc3_std,0.04841597480008635
mfcc2_mean,jitter_local,0.04840794570768657
mfcc10_mean,dmfcc5_mean,0.048293151798337534
spec_energy_low_mean,shimmer_apq5,0.04823580277616835
dmfcc13_mean,mfcc3_mean,0.04813503706990629
dmfcc12_mean,f0_max_hz,0.04810351977138149
mfcc2_mean,jitter_rap,0.04798462673677534
shannon_s1_amp,dmfcc2_mean,0.047980214027567164
dmfcc8_mean,f0_max_hz,0.0478249198039943
spec_rolloff_mean_hz,dmfcc12_mean,0.0477853301084405
mfcc3_mean,dmfcc1_mean,0.047750031359302086
dmfcc10_std,dmfcc8_mean,0.04769466364637274
dmfcc6_std,mfcc6_mean,0.04760375534071203
dmfcc11_mean,f1_std_hz,0.047522409869233444
dmfcc8_std,dmfcc4_mean,0.04737617312936575
spec_energy_mid_mean,dmfcc10_std,0.047141473557825275
shannon_s1_f0,dmfcc1_mean,0.04711554489251395
dmfcc4_mean,shimmer_apq3,0.04705706908630468
dmfcc1_mean,f3_std_hz,0.04695778763373917
spec_rolloff_mean_hz,mfcc8_std,0.04691686595359261
dmfcc4_mean,f0_min_hz,0.04690984673264861
dmfcc5_mean,f0_mean_hz,0.046533221284055834
mfcc3_mean,f0_std_hz,0.046396745299173946
dmfcc13_std,mfcc11_mean,0.04639634996504701
spec_energy_high_mean,f2_mean_hz,0.04637525616634377
dmfcc9_mean,mfcc8_std,0.046326751055676234
mfcc10_mean,mfcc4_mean,0.04629635326330888
mfcc4_mean,mfcc3_mean,0.04629071697266674
spec_energy_low_mean,spec_rolloff_std_hz,0.04626756157070165
mfcc8_mean,dmfcc5_std,0.0462049753870882
spec_centroid_std_hz,dmfcc6_mean,0.046098754969352465
dmfcc6_mean,shimmer_apq5,0.046077458061454336
spec_centroid_std_hz,dmfcc5_mean,0.046059272656750944
dmfcc8_std,dmfcc5_mean,0.04581833394474266
mfcc11_std,dmfcc8_mean,0.045815903991472375
mfcc8_mean,mfcc2_std,0.04581445298629013
mfcc5_std,mfcc4_mean,0.04575883987736912
dmfcc12_mean,dmfcc7_mean,0.04564529798797628
dmfcc7_mean,f3_mean_hz,0.045644169507382044
dmfcc7_mean,mfcc7_std,0.045636072686776316
dmfcc5_std,f2_mean_hz,0.04548661850958906
dmfcc7_std,jitter_rap,0.04548282945350895
mfcc2_std,f2_mean_hz,0.04548029958232558
dmfcc4_mean,mfcc3_std,0.04546441605527084
spec_centroid_std_hz,dmfcc11_mean,0.045368396977212073
dmfcc10_mean,dmfcc8_std,0.04527693533373538
dmfcc5_std,dmfcc3_mean,0.04523131995304551
mfcc4_std,shimmer_apq5,0.045122497290047296
spec_energy_high_mean,dmfcc12_mean,0.045110286964795035
f1_mean_hz,f0_min_hz,0.045077800667375184
mfcc5_mean,hnr_mean_db,0.044993863372192015
mfcc9_std,f0_cv,0.04482690036428122
spec_energy_low_mean,mfcc13_std,0.044643514496409624
dmfcc3_std,dmfcc3_mean,0.04452123819942583
dmfcc6_mean,dmfcc3_std,0.044439193566502035
tsallis_sq_f0,dmfcc5_mean,0.04440961746157676
dmfcc8_std,mfcc5_mean,0.0443857643345543
dmfcc12_std,dmfcc3_mean,0.044383495001975005
mfcc9_std,dmfcc3_mean,0.044363618932309556
spec_rolloff_mean_hz,dmfcc1_std,0.044354876134148985
f2_std_hz,f0_cv,0.044308554686167186
mfcc8_mean,mfcc7_std,0.044281355634701564
dmfcc13_mean,f2_mean_hz,0.044269889345297915
dmfcc2_mean,f1_std_hz,0.04424537569229789
spec_energy_mid_mean,dmfcc12_std,0.044228660635244485
dmfcc9_std,dmfcc3_mean,0.044200805713268496
dmfcc11_mean,hnr_mean_db,0.04417357294135209
dmfcc11_std,jitter_ppq5,0.04411793815598172
spec_centroid_mean_hz,mfcc7_mean,0.043974844206348056
mfcc13_mean,mfcc4_mean,0.043893307971205456
mfcc13_std,dmfcc6_mean,0.04388647819490827
spec_flux_std,mfcc6_mean,0.04381933511550893
dmfcc7_std,dmfcc5_mean,0.04381769616112907
mfcc7_mean,dmfcc1_std,0.043806358678858105
mfcc11_mean,dmfcc8_std,0.04374511585490051
dmfcc12_mean,f2_mean_hz,0.0437089505157964
dmfcc2_mean,f2_std_hz,0.04363198255573962
mfcc4_std,jitter_ppq5,0.043616292480763576
f4_mean_hz,f0_cv,0.04355138824742312
spec_centroid_mean_hz,f0_cv,0.04346293874687045
spec_rolloff_std_hz,f1_mean_hz,0.04345294004883031
dmfcc13_std,dmfcc2_mean,0.04335601174099558
shannon_s1_f0,dmfcc8_mean,0.04333648479216561
spec_centroid_mean_hz,mfcc13_std,0.043102963062260864
dmfcc13_mean,dmfcc1_std,0.043100426652699315
dmfcc11_std,dmfcc7_mean,0.04307144459768406
tsallis_sq_amp,mfcc3_mean,0.042952340659272906
f3_mean_hz,f1_mean_hz,0.04293843354662381
dmfcc7_mean,hnr_mean_db,0.042874779304491795
dmfcc3_mean,f0_max_hz,0.04273085446809448
mfcc4_std,shimmer_local,0.04267449624787847
spec_rolloff_std_hz,mfcc6_mean,0.0426212670307067
dmfcc13_mean,mfcc5_mean,0.04252869337200856
mfcc10_mean,mfcc9_std,0.04233311901316012
tsallis_sq_amp,jitter_ppq5,0.04232709598173092
dmfcc10_mean,jitter_ppq5,0.042189222743270124
mfcc12_std,mfcc12_mean,0.0421291671261751
tsallis_sq_f0,mfcc10_mean,0.04199408370671011
dmfcc10_mean,mfcc4_std,0.04196087343628483
dmfcc10_mean,mfcc7_mean,0.041931421654683644
mfcc8_std,jitter_local,0.04191906777608375
dmfcc8_mean,f0_std_hz,0.04189055377556949
dmfcc2_mean,f3_std_hz,0.04180672583116094
mfcc1_mean,f0_mean_hz,0.04179660519973073
dmfcc11_std,mfcc10_mean,0.041742491232096
mfcc13_std,f2_mean_hz,0.041676753117988324
shimmer_apq3,f4_std_hz,0.041354695403549795
mfcc10_std,mfcc8_mean,0.04125623825698998
spec_energy_low_mean,dmfcc2_std,0.041246080713222055
tsallis_sq_f0,spec_energy_low_mean,0.04113013019519893
mfcc11_mean,dmfcc6_mean,0.041030614921498294
spec_flux_std,dmfcc8_mean,0.040944719706435644
jitter_rap,f4_std_hz,0.04089828990114966
tsallis_sq_amp,f4_mean_hz,0.040641651405774776
dmfcc9_mean,f0_mean_hz,0.04053077238131967
spec_energy_low_mean,jitter_rap,0.04050911124832744
mfcc8_mean,dmfcc7_std,0.040502388655923385
dmfcc9_std,mfcc4_mean,0.04046683353525123
mfcc12_mean,mfcc5_std,0.04043337093662583
dmfcc4_mean,f0_cv,0.040383919245531474
dmfcc5_std,jitter_rap,0.04037284187133436
mfcc11_std,mfcc10_mean,0.040328047889919824
spec_flux_std,f3_mean_hz,0.04020499766400412
mfcc8_std,jitter_ppq5,0.04012827414904406
mfcc10_mean,mfcc4_std,0.04004058520535695
mfcc11_std,f3_mean_hz,0.03997770380332427
spec_centroid_mean_hz,mfcc10_std,0.03993682874016148
mfcc4_std,jitter_rap,0.03982664083825629
spec_energy_mid_mean,dmfcc6_mean,0.039782834884892135
spec_rolloff_mean_hz,mfcc9_std,0.03972736853158614
spec_energy_mid_mean,mfcc13_std,0.039623282183005
mfcc11_mean,mfcc2_std,0.039529863565873624
mfcc9_std,mfcc6_mean,0.03947092007366449
shannon_s1_amp,dmfcc4_std,0.039449089123004384
tsallis_sq_f0,f2_std_hz,0.03924965616050652
f3_std_hz,f0_cv,0.03917814253980815
dmfcc11_std,dmfcc4_mean,0.03913006256510422
hnr_mean_db,f1_mean_hz,0.03899337449036267
dmfcc1_mean,shimmer_apq11,0.03883026195373187
spec_rolloff_std_hz,f2_std_hz,0.0386605727926404
dmfcc12_std,jitter_local,0.038612163452063766
mfcc7_mean,shimmer_apq11,0.03856251833902117
mfcc12_std,mfcc5_mean,0.03848601857118704
dmfcc10_std,dmfcc10_mean,0.038135929500040834
tsallis_sq_f0,dmfcc8_mean,0.03807245918384283
mfcc6_mean,f0_cv,0.038069568313084404
spec_rolloff_mean_hz,dmfcc7_std,0.0379270968206418
dmfcc3_std,f0_min_hz,0.037849441767014116
spec_energy_high_mean,dmfcc10_mean,0.03782931095085438
dmfcc2_std,f4_mean_hz,0.037821678509102875
dmfcc4_mean,mfcc3_mean,0.03780551825296522
shannon_s1_amp,dmfcc12_mean,0.037495405438171925
mfcc12_mean,jitter_local,0.03747465870155737
mfcc10_mean,jitter_rap,0.03742741105252415
dmfcc10_std,dmfcc5_mean,0.03738897659073833
mfcc13_mean,dmfcc12_mean,0.03730967384865573
spec_energy_low_mean,dmfcc12_mean,0.037263413755002965
dmfcc1_mean,f4_mean_hz,0.03691565124825623
dmfcc12_mean,dmfcc6_std,0.036718888061376166
dmfcc3_mean,shimmer_apq11,0.03668835278197799
dmfcc9_std,mfcc6_mean,0.03667504716460599
dmfcc5_mean,f3_mean_hz,0.036492127729622854
mfcc7_std,f2_mean_hz,0.03620534869640983
dmfcc11_mean,f0_cv,0.036177162917502406
dmfcc12_mean,mfcc10_std,0.0361140148469667
tsallis_sq_amp,mfcc5_mean,0.036089880049015546
mfcc4_std,jitter_local,0.03604534889286813
dmfcc4_mean,dmfcc2_mean,0.03576970757417177
dmfcc10_std,f2_mean_hz,0.0355487411190882
dmfcc5_mean,f4_mean_hz,0.03548636944346725
mfcc13_mean,f0_std_hz,0.03548047467138333
spec_rolloff_mean_hz,dmfcc1_mean,0.03547002601996042
spec_centroid_mean_hz,mfcc3_std,0.03535676723973828
dmfcc13_mean,mfcc6_mean,0.035251397956904816
shannon_s1_amp,dmfcc3_mean,0.03515639352812342
spec_flux_mean,spec_centroid_mean_hz,0.03506674440392827
mfcc7_mean,mfcc5_std,0.035026448549477104
f4_mean_hz,f1_mean_hz,0.03502308598175155
dmfcc7_mean,f2_std_hz,0.0349636429197168
spec_energy_low_mean,mfcc9_std,0.03494627353218862
mfcc1_std,f0_min_hz,0.03490189524868495
shannon_s1_f0,spec_energy_low_mean,0.03490144355240587
mfcc12_mean,jitter_ppq5,0.034878480121935215
spec_energy_high_mean,spec_centroid_std_hz,0.03475116021542244
shimmer_local,f4_std_hz,0.034750473673032266
mfcc7_mean,dmfcc2_std,0.03469432716531382
dmfcc1_mean,f2_std_hz,0.03463920155535948
spec_centroid_mean_hz,mfcc4_std,0.03458287937578478
mfcc4_std,f4_mean_hz,0.03455384954030859
dmfcc10_std,dmfcc9_mean,0.03453883567099641
dmfcc6_std,jitter_rap,0.0345369213824109
dmfcc3_mean,dmfcc1_std,0.034525853833365344
dmfcc11_std,mfcc6_mean,0.03437754552042469
mfcc5_std,dmfcc3_mean,0.03424977301082848
dmfcc9_std,f0_min_hz,0.03414096238231253
mfcc11_std,dmfcc1_mean,0.03404140490636042
mfcc5_std,shimmer_apq3,0.03381278785548911
mfcc13_std,f3_std_hz,0.03379936116160219
tsallis_sq_amp,dmfcc8_std,0.03373090941943293
mfcc12_mean,dmfcc2_std,0.03364427579046762
dmfcc9_std,dmfcc7_mean,0.0335844713852345
dmfcc11_std,dmfcc9_mean,0.0335521420493783
dmfcc1_mean,hnr_mean_db,0.03351631432488337
dmfcc5_mean,shimmer_apq5,0.033459594652785044
dmfcc12_mean,dmfcc10_std,0.03341075174535702
spec_energy_high_mean,dmfcc11_std,0.03337083591664561
dmfcc8_std,mfcc7_mean,0.03335062022418847
mfcc13_std,dmfcc9_mean,0.033326588673416445
dmfcc13_mean,mfcc6_std,0.03331869222550427
dmfcc10_mean,dmfcc5_std,0.033111660072332884
spec_energy_high_mean,shimmer_apq5,0.03296574287816042
dmfcc1_mean,f4_std_hz,0.03290890969583344
dmfcc6_mean,mfcc4_mean,0.03278792948079385
spec_energy_high_mean,dmfcc12_std,0.032742270882238564
mfcc6_std,dmfcc4_mean,0.03265439295907444
shimmer_apq3,f0_max_hz,0.0326355141479089
mfcc12_std,dmfcc10_mean,0.03248191388743222
mfcc8_std,f4_mean_hz,0.03235630723191221
dmfcc11_std,mfcc5_mean,0.032277555138390125
mfcc6_std,dmfcc2_mean,0.032248329599443196
mfcc13_mean,dmfcc11_mean,0.0320951541064659
spec_rolloff_mean_hz,dmfcc4_mean,0.03198658914334672
spec_flux_mean,spec_rolloff_mean_hz,0.031916360677335116
mfcc7_std,mfcc7_mean,0.031914534346027056
dmfcc12_mean,shimmer_apq11,0.031870251162019324
spec_rolloff_mean_hz,mfcc13_std,0.031842829186821034
mfcc11_mean,mfcc5_std,0.031709168016622415
dmfcc12_mean,f2_std_hz,0.03168594358814509
mfcc4_std,f2_mean_hz,0.031428359926258496
mfcc8_mean,mfcc6_std,0.031409745775389644
mfcc8_mean,f3_mean_hz,0.03127845102682044
dmfcc6_mean,mfcc4_std,0.03123478976294828
mfcc9_mean,dmfcc1_mean,0.031210952904682187
tsallis_sq_amp,dmfcc3_mean,0.03117422478576918
mfcc9_mean,dmfcc3_mean,0.031156325760990047
dmfcc12_mean,dmfcc9_std,0.03115240910520701
dmfcc6_mean,f4_std_hz,0.031082598761884527
shannon_s1_amp,mfcc7_std,0.030969811308459896
dmfcc9_mean,f4_mean_hz,0.030914519052802313
dmfcc9_mean,jitter_rap,0.03088779399596072
mfcc7_mean,f2_mean_hz,0.030883601430757506
dmfcc11_std,jitter_local,0.030859622121546842
dmfcc10_mean,mfcc7_std,0.030812825868198068
mfcc5_mean,dmfcc3_std,0.030710176704059223
dmfcc10_std,f1_mean_hz,0.030707257553486942
mfcc7_mean,f0_cv,0.03063488638026361
mfcc6_mean,mfcc2_mean,0.030592120870997653
dmfcc9_mean,jitter_local,0.030578220393447365
mfcc3_std,jitter_local,0.030435766531478222
mfcc8_mean,hnr_mean_db,0.030355081642999947
spec_energy_high_mean,dmfcc6_std,0.0303530753163243
f1_mean_hz,f0_max_hz,0.030293499606363797
dmfcc12_mean,f1_std_hz,0.030225323675011496
mfcc4_mean,shimmer_apq11,0.02992020241344012
mfcc7_mean,dmfcc2_mean,0.029909257785880536
mfcc5_mean,mfcc2_std,0.029729077819300006
spec_centroid_mean_hz,dmfcc9_mean,0.029689287813632042
mfcc5_mean,dmfcc1_std,0.029587890880350128
dmfcc8_std,jitter_rap,0.029539812067659
spec_centroid_mean_hz,dmfcc12_mean,0.02953142659878344
tsallis_sq_f0,mfcc7_mean,0.029530722809575298
dmfcc7_mean,mfcc1_std,0.029528114161214657
mfcc12_mean,dmfcc9_mean,0.029508286587076667
dmfcc13_mean,f4_mean_hz,0.02946322659244467
spec_energy_mid_mean,dmfcc13_mean,0.029380873757587744
dmfcc3_mean,f0_min_hz,0.029370506670922898
dmfcc8_std,dmfcc3_mean,0.029263419903295326
spec_energy_low_mean,jitter_local,0.029175875751719284
mfcc13_std,dmfcc4_mean,0.029060624750266325
spec_flux_std,mfcc11_mean,0.02905760560429467
mfcc7_mean,f0_std_hz,0.02899697347198949
mfcc2_mean,f1_std_hz,0.028951156577745097
mfcc11_mean,mfcc5_mean,0.028902034929250257
spec_energy_low_mean,f0_cv,0.02883740480188557
spec_rolloff_mean_hz,mfcc4_std,0.028680128345179037
dmfcc7_mean,mfcc5_mean,0.02865532139682622
dmfcc9_std,mfcc7_mean,0.028515654148210452
tsallis_sq_amp,dmfcc4_std,0.02828637557661341
mfcc10_std,mfcc9_mean,0.027963778450945432
dmfcc12_mean,dmfcc3_std,0.02788814341154885
shannon_s1_f0,dmfcc4_mean,0.027847327275858508
mfcc11_mean,mfcc8_std,0.027844188236459684
dmfcc12_std,dmfcc10_mean,0.027756644920232606
spec_energy_mid_mean,f3_mean_hz,0.02775126261154736
dmfcc3_mean,mfcc1_mean,0.027670398264229876
shannon_s1_f0,mfcc7_mean,0.02758157041349965
dmfcc6_std,jitter_local,0.02756437175206624
mfcc6_mean,jitter_rap,0.027524053412789365
dmfcc5_std,jitter_local,0.02751702850437784
mfcc11_mean,mfcc7_std,0.02748718550399471
hnr_mean_db,f2_mean_hz,0.027395162839107538
dmfcc13_std,dmfcc7_mean,0.02736153818103569
dmfcc2_std,f2_mean_hz,0.027273341368421137
spec_energy_low_mean,dmfcc1_mean,0.02716239688705928
mfcc9_std,dmfcc5_mean,0.027126012871144984
spec_rolloff_mean_hz,mfcc2_std,0.027057188139292317
mfcc11_mean,dmfcc5_std,0.02689016244998846
dmfcc6_std,jitter_ppq5,0.02683137776581601
spec_centroid_std_hz,mfcc12_mean,0.026618575240068415
dmfcc9_mean,dmfcc8_mean,0.02659949584726167
mfcc10_mean,dmfcc4_mean,0.026577980754029656
dmfcc10_std,mfcc5_mean,0.02656948705453856
dmfcc3_mean,mfcc2_std,0.026542958926229848
mfcc10_mean,dmfcc8_mean,0.026517759496648925
dmfcc12_mean,mfcc3_mean,0.026448724791334317
spec_centroid_mean_hz,dmfcc13_std,0.026392170629442407
spec_energy_low_mean,dmfcc1_std,0.02637821139678137
f2_std_hz,f0_max_hz,0.02636950531530737
spec_flux_mean,dmfcc7_mean,0.026367292004772336
mfcc7_mean,dmfcc1_mean,0.026321655657484653
spec_centroid_std_hz,jitter_ppq5,0.026317226982290387
spec_energy_high_mean,dmfcc1_mean,0.026216951781702903
mfcc9_mean,dmfcc7_mean,0.025924986497010104
dmfcc12_mean,mfcc7_std,0.025920047207668183
spec_flux_mean,dmfcc3_mean,0.02578403907016486
dmfcc12_std,mfcc8_mean,0.025741952182844467
spec_centroid_mean_hz,dmfcc5_std,0.02566683869588916
dmfcc13_mean,dmfcc4_std,0.025654535736727196
dmfcc11_mean,dmfcc8_mean,0.025629675503439385
mfcc9_mean,dmfcc6_mean,0.025618431929647734
spec_centroid_mean_hz,f0_std_hz,0.02558959899882983
spec_energy_high_mean,mfcc5_mean,0.025496572288605805
mfcc8_mean,dmfcc4_std,0.025483647657550935
spec_flux_mean,f3_mean_hz,0.025477978062652215
spec_centroid_mean_hz,dmfcc1_std,0.025444486032019733
shannon_s1_amp,f0_min_hz,0.025360406575341072
dmfcc8_mean,mfcc5_mean,0.025352414511732264
spec_energy_low_mean,f3_std_hz,0.025338778600544534
dmfcc13_mean,mfcc7_mean,0.02531406321706923
tsallis_sq_amp,mfcc8_std,0.025300764861140784
tsallis_sq_f0,dmfcc4_mean,0.025295923485405117
tsallis_sq_amp,mfcc10_std,0.02522876388304743
spec_rolloff_std_hz,f4_std_hz,0.025185947008639645
mfcc3_std,dmfcc1_mean,0.0251140944066922
spec_energy_low_mean,mfcc7_mean,0.024939577899399212
mfcc7_mean,dmfcc3_std,0.024935187378135423
mfcc13_mean,f0_cv,0.02488751369239742
mfcc3_std,f0_min_hz,0.024746017767718606
dmfcc3_std,dmfcc1_mean,0.024714025267537184
mfcc11_std,dmfcc9_mean,0.024704351632245724
mfcc10_std,mfcc4_mean,0.024612017295029598
jitter_rap,f2_std_hz,0.02436237695302391
dmfcc9_mean,f4_std_hz,0.024321999541416534
spec_flux_std,f4_mean_hz,0.024310972369214066
mfcc4_mean,dmfcc1_mean,0.024223616560169324
dmfcc1_std,f0_min_hz,0.024181171312289935
mfcc3_std,f2_mean_hz,0.024026977238263206
mfcc11_mean,mfcc4_std,0.023967570765587295
mfcc7_mean,dmfcc5_std,0.02391534525213053
mfcc11_std,f2_mean_hz,0.023741310371882644
mfcc11_mean,mfcc10_mean,0.023720783657378307
dmfcc12_std,dmfcc5_mean,0.023690471738806524
mfcc9_std,mfcc4_mean,0.023676648384768025
dmfcc5_std,dmfcc4_mean,0.02366872561720427
dmfcc13_mean,mfcc1_std,0.02359033944860636
spec_energy_low_mean,mfcc11_std,0.023527403421105153
spec_centroid_mean_hz,dmfcc6_mean,0.023493426315845427
jitter_local,f2_std_hz,0.023434473859495906
dmfcc8_mean,shimmer_apq11,0.023206983607038906
spec_rolloff_mean_hz,dmfcc8_std,0.02305702215112366
dmfcc1_mean,mfcc1_std,0.022942302771371267
shannon_s1_f0,dmfcc5_mean,0.02281838763964933
mfcc4_mean,f0_min_hz,0.022791933550434445
spec_energy_high_mean,shimmer_local,0.02270151038207584
dmfcc6_mean,shimmer_apq11,0.022688209057823452
mfcc6_mean,hnr_mean_db,0.022655145176680963
dmfcc10_mean,dmfcc9_mean,0.022472042761629025
dmfcc4_mean,mfcc1_mean,0.02244541509317601
mfcc11_mean,dmfcc1_std,0.02243983329633409
spec_rolloff_std_hz,f1_std_hz,0.022287601167486737
mfcc5_std,f2_mean_hz,0.022254820735043607
spec_energy_mid_mean,dmfcc5_mean,0.022218697024016666
dmfcc4_mean,shimmer_local,0.022197078328002308
dmfcc10_mean,f0_cv,0.02207880805527837
mfcc7_mean,mfcc3_std,0.022055063113887077
dmfcc10_mean,f3_mean_hz,0.021859145329039795
shannon_s1_amp,mfcc8_mean,0.021819387109210147
spec_rolloff_mean_hz,dmfcc13_std,0.021750075244859123
shannon_s1_f0,f4_std_hz,0.021743250504615296
mfcc11_mean,dmfcc4_std,0.021718665199286245
dmfcc8_std,jitter_local,0.02155436138998332
dmfcc7_mean,shimmer_apq5,0.021528050877799854
dmfcc5_std,mfcc5_mean,0.02131563344875174
shannon_s1_amp,spec_centroid_std_hz,0.02113368458082438
mfcc8_mean,dmfcc2_std,0.021116006805083926
dmfcc1_mean,shimmer_apq5,0.021072290399279717
dmfcc11_mean,f2_mean_hz,0.020940858043878255
dmfcc6_std,f4_mean_hz,0.020890035894171197
mfcc3_mean,mfcc2_mean,0.020869800569557832
spec_energy_high_mean,dmfcc10_std,0.02085898549565301
dmfcc12_mean,f0_min_hz,0.020824839905078628
mfcc11_mean,f2_mean_hz,0.020819188319373107
mfcc8_std,f2_mean_hz,0.02074111602741499
spec_rolloff_std_hz,dmfcc12_mean,0.020704052557815992
dmfcc8_std,jitter_ppq5,0.020637461312931198
spec_energy_high_mean,dmfcc2_mean,0.020555940777283836
dmfcc9_mean,f3_std_hz,0.020538724757824
spec_energy_high_mean,dmfcc8_std,0.020419825029654136
dmfcc7_mean,mfcc2_std,0.02041907040334794
mfcc7_mean,dmfcc4_mean,0.020231914674814166
mfcc12_mean,dmfcc7_mean,0.02013670363661924
dmfcc2_mean,mfcc1_std,0.019950767918168896
mfcc3_std,jitter_rap,0.019894607294270023
dmfcc12_std,f0_cv,0.019798062275828258
dmfcc5_mean,mfcc3_std,0.01974749145620768
dmfcc4_mean,shimmer_apq5,0.019590347257946526
dmfcc10_mean,mfcc6_std,0.01958773696766159
jitter_ppq5,f2_std_hz,0.019578507891336513
mfcc13_mean,dmfcc6_mean,0.019537307633450414
tsallis_sq_f0,dmfcc1_mean,0.019494768649257532
mfcc10_mean,mfcc1_mean,0.019458314756470564
dmfcc13_std,dmfcc9_mean,0.019448561714349964
mfcc12_mean,dmfcc2_mean,0.019442895808312374
spec_energy_low_mean,dmfcc10_mean,0.019392224594418406
mfcc4_mean,jitter_rap,0.01938623245854164
dmfcc12_mean,f3_std_hz,0.019352742950595955
mfcc12_std,f4_mean_hz,0.019262915146267767
mfcc11_std,dmfcc10_mean,0.01923246169636161
mfcc4_std,dmfcc3_mean,0.01897544017550678
mfcc9_mean,dmfcc4_mean,0.018862925390678433
spec_rolloff_std_hz,dmfcc8_mean,0.018848312957380743
dmfcc12_std,dmfcc9_mean,0.018844228673067086
dmfcc12_mean,f4_mean_hz,0.018797268255441618
spec_centroid_std_hz,shimmer_apq3,0.01879510472803077
dmfcc11_std,dmfcc2_mean,0.01878642283499415
spec_energy_high_mean,mfcc8_std,0.018761877790080213
mfcc12_mean,jitter_rap,0.018577482300341713
spec_energy_high_mean,mfcc13_std,0.01848274683103924
spec_energy_mid_mean,spec_flux_std,0.018451738648270745
mfcc10_mean,mfcc8_std,0.018303904165775348
mfcc10_mean,mfcc2_mean,0.018105160126422538
shannon_s1_f0,f2_std_hz,0.01807775324825355
spec_flux_mean,mfcc7_mean,0.01804237659609581
mfcc11_std,jitter_rap,0.018020548682166015
mfcc8_mean,f0_cv,0.01797925172662621
spec_energy_low_mean,dmfcc3_mean,0.017962946714341513
mfcc8_mean,dmfcc7_mean,0.01790409815371073
f4_std_hz,f1_mean_hz,0.017871804785464948
tsallis_sq_f0,f4_std_hz,0.017837751694384712
dmfcc12_mean,hnr_mean_db,0.017792319926776975
dmfcc9_mean,mfcc6_mean,0.017767294252907764
dmfcc10_std,mfcc7_mean,0.01764913446346692
spec_flux_mean,mfcc8_mean,0.017610331970727124
dmfcc13_mean,dmfcc8_std,0.01759177019876119
dmfcc12_mean,f0_mean_hz,0.017486351445240335
shimmer_local,f0_max_hz,0.01747731795737999
dmfcc13_mean,f4_std_hz,0.01740228919347076
dmfcc2_std,f3_mean_hz,0.017395611263257997
shannon_s1_f0,f3_std_hz,0.017324661427723657
dmfcc4_mean,dmfcc3_mean,0.01719429877422315
dmfcc7_std,dmfcc1_mean,0.017144260157771523
spec_rolloff_mean_hz,dmfcc5_std,0.017116980975630657
tsallis_sq_f0,f3_std_hz,0.0171030345515849
mfcc11_std,mfcc8_mean,0.016940391963500234
mfcc1_std,f1_mean_hz,0.016857133738891545
dmfcc12_std,jitter_ppq5,0.016853064673589012
spec_rolloff_mean_hz,mfcc7_std,0.016840858836205667
dmfcc11_std,jitter_rap,0.016738578514080393
spec_energy_low_mean,mfcc8_mean,0.0167063500808261
spec_flux_mean,dmfcc5_mean,0.01667710240547613
dmfcc6_mean,mfcc2_std,0.01664878096398735
mfcc11_mean,mfcc7_mean,0.016553505608674208
mfcc11_std,dmfcc6_mean,0.01648068453667892
mfcc11_mean,dmfcc3_std,0.01647136288479251
dmfcc13_mean,dmfcc12_std,0.01644622152391487
spec_rolloff_std_hz,dmfcc5_mean,0.016295737359973108
hnr_mean_db,f0_mean_hz,0.016135796372447997
spec_rolloff_std_hz,f0_min_hz,0.016127691826014312
dmfcc10_std,dmfcc4_mean,0.016091335319545343
spec_energy_mid_mean,dmfcc12_mean,0.015989039053925208
dmfcc4_std,dmfcc3_mean,0.015930992861755935
mfcc7_std,jitter_local,0.01585369809281505
mfcc2_mean,f0_cv,0.015231876119206652
tsallis_sq_amp,mfcc7_std,0.015231086778800992
f1_mean_hz,f0_cv,0.015111824536128644
dmfcc12_mean,shimmer_apq5,0.015101999099859834
shannon_s1_f0,spec_energy_high_mean,0.015042546263507121
dmfcc6_mean,f3_std_hz,0.01501531347124092
dmfcc7_mean,dmfcc4_std,0.015014693108573016
mfcc10_std,f2_mean_hz,0.014930512533099344
dmfcc7_mean,dmfcc3_std,0.014895892442853423
mfcc13_std,dmfcc8_mean,0.01489036824670455
spec_centroid_mean_hz,mfcc5_std,0.014876938108835462
dmfcc13_mean,f1_mean_hz,0.014858232461916003
mfcc10_std,mfcc7_mean,0.014858091705567502
mfcc2_mean,f4_std_hz,0.014800979392464041
spec_centroid_std_hz,dmfcc10_mean,0.014780576139731568
tsallis_sq_f0,spec_energy_high_mean,0.014576361951956862
tsallis_sq_f0,spec_centroid_mean_hz,0.014419724524088977
mfcc1_mean,f0_max_hz,0.01432741113753406
dmfcc11_mean,f0_std_hz,0.014324975522221334
shannon_s1_amp,dmfcc5_std,0.0141546045142227
dmfcc10_std,dmfcc6_mean,0.014109182120508035
dmfcc12_mean,f1_mean_hz,0.014000127055376722
shannon_s1_amp,f0_mean_hz,0.013968049659915428
spec_centroid_std_hz,dmfcc7_mean,0.013799671566303915
dmfcc9_mean,f0_min_hz,0.013783604877879
spec_centroid_std_hz,dmfcc12_mean,0.013709889747773495
mfcc10_mean,f1_mean_hz,0.013444262231239616
spec_rolloff_mean_hz,dmfcc6_std,0.013326472228730244
spec_flux_mean,dmfcc2_mean,0.01330709017039324
dmfcc5_std,jitter_ppq5,0.01323919230685013
mfcc7_mean,dmfcc3_mean,0.01317509945296913
dmfcc8_mean,mfcc2_mean,0.013168330409225928
spec_rolloff_mean_hz,f4_mean_hz,0.013159926648252147
mfcc11_mean,dmfcc7_std,0.012963173631678489
dmfcc12_std,dmfcc4_mean,0.012891547078434621
mfcc2_std,dmfcc1_mean,0.012890005067053676
mfcc11_mean,dmfcc6_std,0.012744980782993375
spec_centroid_std_hz,jitter_rap,0.012743199532709578
mfcc10_mean,mfcc5_std,0.01267461984463193
spec_energy_mid_mean,dmfcc11_mean,0.012665045288816925
spec_centroid_std_hz,jitter_local,0.012654353586925555
mfcc10_mean,dmfcc5_std,0.012584207133202735
mfcc10_std,dmfcc9_mean,0.012359028263911245
dmfcc3_mean,shimmer_apq3,0.012329990254515994
dmfcc4_mean,f0_mean_hz,0.01230018073297834
shannon_s1_f0,spec_centroid_mean_hz,0.012296299607675965
shannon_s1_amp,mfcc5_std,0.012291682959500462
mfcc6_mean,dmfcc1_mean,0.012205457663864364
tsallis_sq_f0,mfcc13_mean,0.01209951366177775
dmfcc6_mean,f2_std_hz,0.012042113008976481
mfcc7_mean,mfcc2_mean,0.011987453832008402
mfcc11_mean,f0_max_hz,0.011982432925475201
dmfcc4_mean,f0_std_hz,0.01194288404124496
f2_mean_hz,f0_max_hz,0.011739089797747944
spec_energy_high_mean,mfcc10_std,0.011694844327097408
dmfcc2_mean,f0_min_hz,0.011396746900009077
dmfcc8_mean,dmfcc5_mean,0.011273883538416955
spec_energy_mid_mean,dmfcc13_std,0.011236167998124387
mfcc12_mean,dmfcc1_mean,0.011203193177179275
mfcc3_std,jitter_ppq5,0.011114583463076666
mfcc8_mean,dmfcc5_mean,0.0111069757644879
spec_energy_low_mean,jitter_ppq5,0.011098762324472685
spec_energy_mid_mean,dmfcc11_std,0.011079322121165067
dmfcc13_mean,mfcc4_mean,0.011020766737853866
spec_energy_low_mean,dmfcc3_std,0.010877933006248603
shannon_s1_f0,mfcc13_mean,0.010649728033423799
mfcc11_std,f4_mean_hz,0.010645560757063232
mfcc7_std,jitter_ppq5,0.010366839367044934
mfcc9_mean,mfcc4_mean,0.01025944706392938
shannon_s1_f0,spec_energy_mid_mean,0.010247403868261487
mfcc2_std,f1_mean_hz,0.010229008625476583
mfcc11_mean,mfcc1_std,0.010228860623280473
spec_flux_mean,f4_std_hz,0.010132506983531527
mfcc9_mean,dmfcc2_mean,0.010028082114273017
mfcc7_std,jitter_rap,0.009830347069099651
tsallis_sq_f0,spec_energy_mid_mean,0.009722991550598874
dmfcc5_mean,shimmer_apq11,0.009639594925853054
tsallis_sq_amp,mfcc9_mean,0.009601037166286975
dmfcc6_mean,dmfcc4_std,0.00954412058397964
dmfcc13_mean,f3_mean_hz,0.009397981189350682
spec_centroid_mean_hz,dmfcc2_std,0.009354935357602527
dmfcc6_mean,dmfcc1_std,0.009302455859604965
dmfcc10_mean,dmfcc6_std,0.009232726829994911
spec_flux_std,dmfcc5_mean,0.009170589095828801
mfcc8_std,dmfcc1_mean,0.00901954580069282
dmfcc3_mean,f0_std_hz,0.008984868708975365
mfcc8_mean,f0_std_hz,0.008974056232901706
spec_energy_high_mean,dmfcc7_mean,0.008945622441126845
dmfcc5_mean,f3_std_hz,0.008924078884267805
shimmer_apq5,f4_std_hz,0.008897675224131133
spec_energy_low_mean,f4_mean_hz,0.008879822331003425
spec_centroid_mean_hz,dmfcc8_std,0.008864011990082975
mfcc12_std,dmfcc8_mean,0.008846690775261862
dmfcc7_mean,dmfcc6_std,0.008777999949897483
shannon_s1_amp,mfcc3_mean,0.008650449117822541
dmfcc11_mean,mfcc10_mean,0.00855587607027197
mfcc4_mean,jitter_local,0.008493538349952227
dmfcc13_mean,mfcc3_std,0.0083636962231653
dmfcc3_mean,f0_cv,0.00826717238948735
dmfcc2_mean,mfcc2_mean,0.008228701207319663
mfcc12_mean,f3_mean_hz,0.008226812863541624
mfcc8_mean,dmfcc4_mean,0.00800649198094556
mfcc7_mean,dmfcc6_mean,0.007928655140379774
spec_energy_high_mean,mfcc6_std,0.0078282344588842
dmfcc9_mean,f2_std_hz,0.007743080846094822
mfcc6_mean,mfcc3_mean,0.007724100584785586
spec_energy_mid_mean,f0_cv,0.0074985226460553755
dmfcc2_std,dmfcc1_mean,0.0073936941058082685
dmfcc7_std,dmfcc7_mean,0.007170759745419646
f3_std_hz,f2_mean_hz,0.007102953982835007
mfcc11_mean,mfcc10_std,0.00708388524708272
mfcc12_mean,dmfcc11_mean,0.007082044811269238
mfcc11_mean,mfcc6_std,0.0070818384103302125
mfcc13_std,mfcc8_mean,0.007034157968798488
spec_energy_low_mean,mfcc8_std,0.006928475792911243
mfcc4_std,shimmer_apq3,0.0069123637994724174
dmfcc12_std,f4_mean_hz,0.006890136670761572
dmfcc5_mean,shimmer_local,0.006707981319973582
mfcc13_std,dmfcc1_mean,0.006592299924343171
spec_centroid_std_hz,dmfcc13_mean,0.006559574444457073
dmfcc3_mean,mfcc1_std,0.006538078869891959
dmfcc10_mean,dmfcc7_std,0.006505327333548291
f1_mean_hz,f0_std_hz,0.0064743431894180165
shannon_s1_amp,mfcc4_std,0.006430271039600458
tsallis_sq_amp,spec_flux_std,0.006407267908862154
mfcc11_std,jitter_local,0.0063706145389172755
spec_centroid_mean_hz,mfcc11_std,0.006354810369574726
mfcc10_mean,f3_mean_hz,0.006312252284952143
mfcc1_std,f2_mean_hz,0.006299209984230117
shimmer_apq11,f0_max_hz,0.006280127976290422
dmfcc8_mean,mfcc8_std,0.006261532210157827
spec_energy_high_mean,shimmer_apq3,0.006072149534560718
mfcc2_mean,dmfcc1_mean,0.005957194233749963
shannon_s1_amp,mfcc5_mean,0.005951977098886454
dmfcc7_std,mfcc4_mean,0.005799071434827944
spec_rolloff_mean_hz,mfcc13_mean,0.00572143198539501
shannon_s1_amp,dmfcc7_mean,0.005636954024525599
mfcc12_mean,dmfcc8_mean,0.0056116991661169565
dmfcc9_mean,mfcc9_mean,0.005564239859144024
dmfcc9_std,mfcc5_mean,0.005371581710375356
tsallis_sq_amp,dmfcc12_mean,0.005356971699701644
spec_rolloff_mean_hz,dmfcc6_mean,0.00531487951576809
mfcc11_std,jitter_ppq5,0.005281499800054204
dmfcc11_mean,mfcc5_mean,0.00511417880762
dmfcc8_std,mfcc8_mean,0.005094246426730525
mfcc13_mean,dmfcc10_std,0.0050335399745287035
dmfcc13_mean,dmfcc10_std,0.005020185117713724
dmfcc7_mean,dmfcc4_mean,0.0050199207310126556
dmfcc8_mean,mfcc4_std,0.004966196852185697
dmfcc12_mean,dmfcc5_std,0.00494396078028443
spec_rolloff_mean_hz,mfcc1_std,0.004938344918537421
mfcc10_mean,dmfcc6_mean,0.004907542627788131
spec_energy_low_mean,mfcc2_std,0.004900373092156435
mfcc12_std,dmfcc5_mean,0.0048857303391658365
dmfcc1_mean,f0_mean_hz,0.004884165292378994
dmfcc11_mean,dmfcc10_mean,0.00481930055031611
spec_energy_high_mean,spec_flux_mean,0.004776760694600133
spec_rolloff_std_hz,mfcc10_mean,0.0046969647685521036
shimmer_apq11,f4_std_hz,0.004411804485227016
spec_rolloff_mean_hz,mfcc5_mean,0.004358668579115071
spec_rolloff_mean_hz,f0_max_hz,0.004325923467623885
dmfcc13_std,mfcc8_mean,0.0042505681949819825
mfcc12_mean,dmfcc3_mean,0.004208426697141778
spec_rolloff_mean_hz,mfcc11_std,0.0040797586996258505
mfcc6_std,dmfcc5_mean,0.004062585472978632
mfcc13_mean,dmfcc2_mean,0.0037907220678648603
mfcc12_mean,mfcc9_std,0.00373750621384526
shimmer_apq5,f0_max_hz,0.003620314760335598
mfcc10_std,dmfcc8_mean,0.003397554241459863
dmfcc10_mean,f0_std_hz,0.003280935180892066
dmfcc3_mean,shimmer_local,0.0032243410793159014
dmfcc3_mean,mfcc3_std,0.00319333865030489
spec_energy_mid_mean,f0_std_hz,0.0031797154302276366
dmfcc5_std,f3_mean_hz,0.003110358905031938
dmfcc5_mean,shimmer_apq3,0.0029896034499875784
tsallis_sq_amp,mfcc12_mean,0.002946801837145739
dmfcc13_mean,dmfcc6_std,0.002933216253910492
spec_centroid_mean_hz,mfcc1_std,0.0028679269705529694
mfcc8_std,dmfcc2_mean,0.0028240428195964976
spec_flux_mean,dmfcc1_mean,0.00275541440171803
dmfcc11_mean,dmfcc6_std,0.0025687550371100254
dmfcc10_mean,mfcc1_mean,0.0025159251013842274
dmfcc11_std,mfcc4_mean,0.0025070975564105654
mfcc11_mean,dmfcc2_std,0.0024877261473053866
tsallis_sq_amp,mfcc8_mean,0.002361959584658563
dmfcc1_std,f2_mean_hz,0.0023613857480059633
dmfcc4_std,f2_mean_hz,0.0023525198022357713
dmfcc9_mean,mfcc2_mean,0.002329167773680327
mfcc4_mean,jitter_ppq5,0.002288235444015882
dmfcc11_std,mfcc8_mean,0.00207118070001811
mfcc11_mean,f1_std_hz,0.001992875290981223
mfcc12_mean,dmfcc1_std,0.0019388253498494482
dmfcc5_mean,f1_mean_hz,0.001588819315653366
spec_flux_mean,dmfcc8_mean,0.0015883409823923323
dmfcc13_mean,mfcc10_mean,0.0015172709760710352
mfcc12_mean,mfcc3_std,0.0012586029245583955
spec_energy_mid_mean,f2_mean_hz,0.0010847088929149386
spec_flux_mean,dmfcc11_mean,0.0010311698469088223
dmfcc6_mean,dmfcc4_mean,0.0009600753203032674
dmfcc5_mean,mfcc4_mean,0.0008778037827375666
dmfcc12_std,mfcc4_mean,0.0008219756740808756
dmfcc7_std,dmfcc4_mean,0.0006578193620424575
mfcc9_mean,dmfcc5_mean,0.000618713255677609
dmfcc12_mean,dmfcc7_std,0.000521056030276629
spec_energy_low_mean,f0_std_hz,0.00040465938772617157
spec_energy_mid_mean,dmfcc10_mean,0.0003205761530188313
mfcc13_std,mfcc11_mean,0.00010011725447264156
